youtube.com;5491;;1;1;1;1:1
putlocker.is;5202;;1;1;1;1:1
alluc.to;4771;dir:234,node1:3;1;1;1;1:1
tubeplus.me;2971;;1;1;1;1:1
dailymotion.com;2920;;1;1;1;1:1
primewire.ag;2612;;1;1;1;1:1
zmovie.tw;2566;;1;1;1;1:1
megashare.info;1727;;1;1;1;1:1
hulu.com;1698;;1;1;1;1:1
sidereel.com;1631;;1;1;1;1:1
ffilms.org;1609;;1;1;1;1:1
tv.com;1595;;1;1;1;1:1
comcast.net;1436;xfinitytv:1436;1;1;1;1:1
ovguide.com;1390;;1;1;1;1:1
imdb.com;1359;;1;1;1;1:1
watchseries.lt;1353;;1;1;1;1:1
putlocker.tw;1240;;1;1;1;1:1
solarmovie.ws;987;;1;1;1;1:1
iwannawatch.to;914;;1;1;1;1:1
watchseries.ag;857;;1;1;1;1:1
watch32.com;851;;1;1;1;1:1
blogspot.com;800;denzelwashingtonnewmovie:1,movies4org:1,watchthrillermovies:1,pexrandomwritings:2,2007moviefreea51:2,watch-full-movieonline:4,ourwoodenglish:1,bundy-online:1,fullon24:1,blogginboxwell:4,singaporesokaassociation:3,kanvaso:2,bosanbarublogging:1,exceptionalmovies:1,watchnetflixmovies:4,testeandow32:1,watchingmuvies:1,sandrabullocknewmovie:1,moviesworldkey:1,movies2fun:6,esbilonelectrobison:3,mobiusstreamingengsub:1,maxevel:1,watchclassicmoviefreeonline:1,fiazmanzoor:2,apna-funz:1,freedisneycartoon:93,dooleycouple:1,oldmoviecinema:1,movies4freepk:1,freeputrocket:1,hertinykingdom:1,respublicacultural:1,loveus007:2,freeonlinesmoviesfulllength:14,cinemalikers:1,watchkidsmoviesonline:32,hindipunjabihdmovies:1,principalesfiestas:1,wellofcreations:1,ashley2013movieonputlocker:1,firstmovies2u:5,onlinestreaminghdinusanuk:1,watthehelmovie:3,greatsmusicals:3,sotiris-galanis:2,esther-remmington-art:2,farasec:2,freemysterymoviestreamz1171:2,fullmoviesdvdrip:1,fullentertainn:1,myqueerchannel:1,disney-moviesonline:3,streamdmuvii:1,watchhorrormoviesforfree:52,putlockermoviefree:1,khaleda-blogofmine:1,xccrodjfn:1,tysofly:1,googleonlinemovies:2,watchbiblemoviesonlinefree:1,moviesboxhd:1,downloadfilmsfreeonline:1,movie4hot:1,watchonlinezn:1,movieschamber:1,4gung4k:1,csiszerzsuzsi:1,downloadfullmovieonline2k:1,watchmoviesonlinewithsubtitles:3,seinfeld-episode:1,adogsbreakfastmovie:1,wheretofindfreemovies:22,adventurous-kai:1,cinetecauniversal:3,freshiedownload:1,freeworldcinemas:1,albaniemonique:4,watchfreemoviesfullfree:1,watch2014onlinemovies:1,bigmoviefull:1,endyedesonnews:2,flamenguistasdojuninho:1,adminasalcom:2,leifbength:2,freemoviesforipad:11,disneylandmovie:1,azlinda001:2,onlinemovies-onlinetv:1,watchfullmetal:2,streambio:2,fullcomedyfree:1,hdindianmovies:2,freedisneymovie4u:1,onlinemoviesfreek:3,bdlivestreaming:1,disneyfullmovie:2,demisource1:1,watchmoviestreemingjq:1,movieonlinehd46:2,mazrumajid:1,dotrollsreallyexist:1,byzantium2013movieputlocker:2,musicalsoldmovie:16,hollywood-spy:1,movieztar:1,entertainmenttimz:17,watchhorrorfreemovieonlinez1111:1,watchromance-movies:2,officialmovieloaders:1,ciel-m:1,topmovieswatchonlinexc:1,johcartoon:1,cosmos-documentaries:3,penipukahd:1,highqualitymovieonlineinfos:1,freestreamingmusicalmovie:1,pelikulatrailer:3,us-alifeinpictures:1,watchmovieonlinesad:1,thestardollbullet:3,allmoviesblog:1,liarsallwatchonline:1,aglocosg:2,hairstyle2011womanz:1,ellenmaradewachter:1,bestsmoviestowatchonlinefree:1,newindianmovies2k:1,watchbootlegmoviesintheatersnow:1,wiwxmovie:1,disneymovie4u:11,boxofficefullmoviefreeonline:1,indertech:1,laa-tahzan0219:3,limhuilin:1,tv-seriesstreamingsites:1,hannascreativecorner:1,boutique29:1,watchfreedisneymoviesonline:7,besthdfullmovie2014:1,dramaszone:1,intanpermatajos:1,recentuploads:3,stundpage:1,fullmovieonline15:2,ajishdesignnphoto:1,disneyxdmovies:3,niesabella:1,crazyy-bytchass:1,fullmovieonline14:1,watchanimatedbarbiesmovies:1,cultmoviesblog:2,permysuri7:1,adventurefreemoviedownloada821:1,annabelleadesigns:3,free-mov-online:1,watchnetflixmovienewupdate:1,watchmovieromancecomedy:1,worldpicss:1,adamsandlernewmovie:1,chrisdonnellyceramics:7,freemoviestreaminglive01:1,pensecris:1,superalexttv:1,wonderyears-episodes:1,iamgoodbutnotgreat:2,watchfreefullmovies1:1,videohomecafe:1,bootlegmoviesonlinestreamingfree:1,itscreepingunderneath:1,moderncountrymakeover:1,lkvideochannel:2,movie4com:2,palwinta:1,public-mc:1,lifeatthebhmansion:1,free-disney-movie-online:9,entertainmentme:8,ilovethismovies:2,exodusuoshi:1,watchonlinemovie0057:1,crackerjaxshop:1,googlemovies4fun:1,fullstreaminghdfreemovielive:1,adamsandlermovie:1,fullmuv:14,twentyfourapril:2,watchtvseriesstreamingdrama1a:1,samsirplagiatorblogz:1,movie13k:1,swedenradio:2,streamnewmovies:15,freebarbiemovies:5,bolllimovie:1,johny-jossbanget:1,watchlivehdtvcinema:1,disneymoviefree:3,topfreefullonlinemovies:1,herdiansyah-lab:1,tejiendoamistadesenvigo:2,lillasvalan2:1,fullmuvee:1,disney-onlinewatch:8,actionmoviesgenre:2,theworldofstevenuniverse:1,funizfree:1,atychiph0bia:6,anisamoviesonline:1,thegoodthebadandthemadfad:1,desi-movies-free:4,saveprobation:1,creactive-ad:1,watchcocochanel-igorstravinskymovie:1,fullmoviemaza:10,englishmoviesonline:4,movieonlineallfree:1,lauramayelizabethkent:1,moviestreamingmultitalent:1,watchcomedymoviefreeonlinea491:1,iltheking:1,newonlinemoviesworld:1,watchmoviestreaminghf:2,philotimo-leventia:3,freeonlinehdmovies:1,asyamynahaisya:1,fullmovieromancefreez11:1,lynnnovellaaa:3,iyramutalib:1,funndrive:1,hooked-on-paranormal-romances:1,online-movievideo:3,minzaini:1,watchfreehdmovies4u:7,andrea13012:1,hindicartoonswatchonline:2,hindimovies950:2,southpark-zone:2,watchmoviestreamingh6:1,evilangelstore:2,honeybeekechik:1,capix87:1,nujjehdstream:1,soundmessagelife:1,watchmovie4k:1,bootlegfullmovie:1,nurjannatulain:4,martibol:3,bestselleroscarwinningmovies:2,creaceramica:1,cjfluke:1,unodicinque:1,besttripmovies:1,elratoncitodelasilusiones:1,hindifilms2k:2,watchfull-episodesonline:1,watchonlineno:1,malikmovies:1,dynasty-series:1,euphoriapelangi:1,onlinehorrormovie:1,watchdisneyfree:17,perspektiftersendiri:1,theonlinemov:1,freemoviedownloadcodes:1,movierulez:1,orthodox-christian-channel:2,tv-subscriptiononline:1,watchonlinestreamings7ii:2,rightisbest:4,gooddisneymoviestowatch:1,pusatsumberipgkbm:1,watchhorrormovieshere:3,onlinepassion4u:1,drawn-together-the-movie:1,movie1kcom:1,the-gutteruncensorednews:1,herewatch:1,freedisneymovieshq:3,karibanbalbalan:1,deathnoteget:1,hindilinksonline:2,disneymoviesonlinenew:21,sdseries-productions:1,streamingmoviemegashare:1,moviesforandroid:10,allthebestfullmoviehd1080pxnx:1,watchbemyvalentinestreamingonline:1,filmhomealone:1,fullmovieonlinefullmovie:1,watchonlinena:1,watchonlinend:1,watchcomedymoviefreea1001:1;1;1;1;1:1
gingle.in;729;;1;1;1;1:1
zumvo.com;677;m:13;1;1;1;1:1
twomovies.us;610;;1;1;1;1:1
watchseries7.eu;569;;1;1;1;1:1
movierulz.com;538;;1;1;1;1:1
watchmoviez.info;528;;1;1;1;1:1
veoh.com;511;;1;1;1;1:1
facebook.com;496;nb-no:1,m:3;1;1;1;1:1
tvguide.com;461;movies:142;1;1;1;1:1
yahoo.com;338;uk.news:1,sg.answers:1,uk.answers:9,answers:255,screen:4,malaysia.answers:1,uk.screen:24,ca.answers:7,movies:6,au.tv:19,au.answers:7,in.answers:1,shopping:2;1;1;1;1:1
watchserieshd.eu;337;;1;1;1;1:1
movies2k.eu;332;;1;1;1;1:1
co.uk;309;grimsbytelegraph:2,horseandhound:1,owl:2,londonlive:1,walesonline:3,watch.uktv:3,building:1,animaxtv:3,pubwatchonline:1,dave.uktv:2,bbc:103,liverpoolecho:2,thescreeningrooms:1,video.disney:2,comedy:1,trashfiction:1,ancientegyptonline:2,mtv:1,amazon:22,ladybird:1,allcorsa:4,ebay:4,grangehillfans:1,nickjr:5,mirror:12,ashbyonline:4,independent:3,houseoffraser:2,cartoonnetwork:8,redonline:1,cineworld:1,telegraph:4,nick:2,izito:2,forums.digitalspy:1,wow247:1,yesterday.uktv:3,harmonykent:1,boomerangtv:4,youriplayer:1,digitalspy:9,birmingham-rep:1,really.uktv:6,mumsite:1,national-lottery:1,ibtimes:9,gq-magazine:1,dailymail:48,goldtv:2,watchdoctors:1,disney:6,sainsburysentertainment:2,londontimewatches:1,watchfinder:2;1;1;1;1:1
merdb.cn;297;;1;1;1;1:1
viooz.ac;295;;1;1;1;1:1
watchcartoononline.com;266;;1;1;1;1:1
letmewatchthis.ae;261;;1;1;1;1:1
trulia.com;248;;1;1;1;1:1
cucirca.eu;245;;1;1;1;1:1
tvmuse.com;212;;1;1;1;1:1
couchtuner.eu;209;;1;1;1;1:1
onlinemoviewatchs.com;209;;1;1;1;1:1
vimeo.com;197;;1;1;1;1:1
wordpress.com;194;valpop99:1,belipiw:1,watchthelegendofconan:1,antipoviliya:1,xolmurodov2013:2,sgb42:2,mugaarina:2,watchsnakeandmongoose:1,watchhorriblebosses2f:1,artislimited:1,forjob68:1,vitalik2021:1,irinachaus:1,atv52:1,kagariizuriha:1,mrbuckston:1,slyberkut:2,diniomoty:1,mugw0i8:1,justine11160:1,minizoo2010:1,mental92:1,babyle4ka:1,mrsanta0333:1,watchourkindoftraitor:1,sneg4:1,rjirfrjitxrf:1,hondo40:1,xxxlobstorxxx:1,lercicmercic:1,fullmoviestreaming87:1,allexxanndderr:1,igrekbs:1,guthn:1,irynazaytseva:2,bond25full:1,runetsv:1,igorois:1,timetravellersunited:1,meriann27:2,ourkindoftraitorfullmovie:2,demoninlab1987:1,yazaikovairina:1,widljs63:1,natalikasyan:1,botsukinpopo:2,wtpro33:1,vc3245bber10movie:1,qulix2011:1,sunsetbeachnews:1,irinaobiazatelno:2,yurijtok:1,kerovec45:1,nevaneva4:1,theultimatelifeonline:1,maliningosh:1,downloadmoviescrime349:1,ispotz:2,aliya2011as:2,ibrj085:1,bodrovvowa:1,maksim5832:1,naskduejsdser41movie:2,illich200854:1,pisaka2012:1,yliuav:1,annikby:1,aliradark44:1,fominovigor:2,ksss007:2,vicktshevchenko:1,eet82:2,anekol:2,troiloww923:1,novoperedelckinohiphopdraiv:1,stelmakholesya:1,sapeev:1,plastmetzakaz:1,nattussia:1,endzog:1,kuchako2009:1,gelmovtosha:1,mikhelena:1,moviesmoviesport742:1,borisalexandrowich:1,vandrey2007:1,olyabelysheva:1,phen0m82:1,madlen0808:1,bureauofotherworldlyoperationsfull:1,mikhaelpakhomov:1,ivanguzey:1,virtuall78igor:2,verail2009:2,annaelena299:1,titatontitan:2,anwish43:1,kombarowan:1,mesheryakoffalexander:1,grivaelena:1,watchhorror693:1,nessime63:1,bdejkdfikewe39movie:1,lyubushka34:1,texasmoviestream:1,nikolatsurik:1,lenka809:1,igorik1:1,komradromanyuk:1,superfeyanina:1,terminatorgenesismovie:1,i0ki:1,jnivavgust:1,netpyllika:1,ky737:1,watchspecialidonlinefreestreaming98:3,ritazhiwckowa:1,karlova76:2,gubarevanatalyalag:1,colibri118:1,otlichnyiotdyh:1,irinalatyshev:1,watchinterstellar:1,ggrigorik:1,inusaxaz:1,batalinaira:1,gladkysergey:1,suuostucew:1,shownowonlainlive:2,jijigiggir:1,freestreaming2014hd:1,igryliya:1,iskarmen:1,tanyamalysh:1,rebrovvasilij:1,firenka1:1,podlesnovaa:1,moviesputlocker:1,elenabf24:1,pixelsfull:1,solonar96:1,seniortito2011:1,anawanesian:1,maalinkaa:1,ondrelena:1,ryanericsongcanlas:1,downloadcomedymoviesonline960:1,oladinka28:1,watchmenwomenandchildrenonlinefree:1,olichkasoloveva:1,fraucasabiewa2010:1,badgirlpower:2,alekscuplinow:1,avtopodmotka:1,zablotan:1,jlivadina:1,israelkiokushin:1,watchparanormalactivity5:2,amramina1976:1,gorinacristina2012:2,bond25movie:1,ylorus:2,allisbright24:1,lifelonglearningvs:1,fullmoviewatchnow:3;1;1;1;1:1
animetoon.tv;191;;1;1;1;1:1
watchtvseries.to;187;;1;1;1;1:1
movie8k.to;185;;1;1;1;1:1
pbs.org;164;video:110,m.video:2;1;1;1;1:1
sky.com;160;go:151;1;1;1;1:1
onlinemovies.pro;146;;1;1;1;1:1
dubbed-scene.com;132;;1;1;1;1:1
amazonaws.com;131;s3:7,streammovieswatchonline.s3:1,masnegroquelanochmoviestreaming.s3-website-eu-west-1:2,s3-us-west-2:1,s3-ap-northeast-1:54,s3-us-west-1:6,s3-sa-east-1:3,s3-ap-southeast-2:39,s3-ap-southeast-1:5,watchstreamonlinemovies.s3:4,watchmoviesonlinehdstream.s3:1,s3-eu-west-1:8;1;1;1;1:1
wikipedia.org;127;en:127;1;1;1;1:1
com.au;126;wintermute:1,sportsbettingtalk:1,sbs:13,jump-in:11,smh:29,borderwatch:1,watchpartners:1,watoday:1,movy:1,fishpond:2,news:2,nickelodeon:21,community.i-do:2,donedirtcheapdvd:3,sixtyminutes.ninemsn:1,360degreefilms:1,quiksilver:1,insurancewatch:3,mtv:2,tvtonight:2,justwatches:2,theage:12,wentworth.sohotv:1,hoyts:1,definewatches:1,tenplay:10;1;1;1;1:1
tumblr.com;124;stillalicemovie2014:1,fuckyeahhousemd:1,grandseduction:1,watchgrandpianoonline14:1,dragons-riders-of-berk:1,sundayrain2014movie:2,watchgoodbyeworldonline:1,5hadow-girl:1,sharejeresyboysonline:2,10rulesforsleepingaroundonline:1,the-world-of-steven-universe:1,watchonlinemoviesfor-free:1,wheng:1,theidenticalonline:1,livingdead2014:1,pride2014moviefreehd:2,watchsafehavenmovie:1,streaminhdnow:1,full-movies-on-youtube:16,thegreatmusicmentaries:1,watchfronteraonline:1,viarwang:1,mereach2014:1,slowwest2014freemovieonline:1,theuniversescreams:1,wetlands2014online:1,reesl:1,fuckyeahmaxriemelt:1,persecutedmovie2014:1,loveisstrangeonline451:1,watchsonofgodonline2014:1,guljabein:1,obviouschildmovie007:2,filmleaked:2,thetriptoitalyonline2323:1,watchmieleonline2014:1,edgeoftomorrowputlocker:1,watchlandhoonlinefree:1,magnificent-century:1,raichubells:1,splinteredthingmovie2014:1,watchmissingwillaimonline2k:2,spookymrsboo:1,watchingmagnificentcentury:1,voldyrule:2,hectorandhappiness2014:2,rags751:1,watchlifeofcrimeonline457:3;1;1;1;1:1
snagfilms.com;122;;1;1;1;1:1
vodlocker.me;121;;1;1;1;1:1
nbc.com;119;;1;1;1;1:1
go.com;116;watchdisneyjunior:5,oscar:2,abc:66,espn:18,abcfamily:15,watchdisneyxd:5,watchdisneychannel:5;1;1;1;1:1
yidio.com;116;;1;1;1;1:1
apple.com;115;itunes:80,store:1,trailers:31;1;1;1;1:1
pinterest.com;111;in:1;1;1;1;1:1
crackle.com;108;m:1;1;1;1;1:1
mylifetime.com;108;;1;1;1;1:1
blinkbox.com;104;;1;1;1;1:1
megashare.to;104;;1;1;1;1:1
pollystreaming.com;103;;1;1;1;1:1
retrofilms.in;103;;1;1;1;1:1
topdocumentaryfilms.com;102;;1;1;1;1:1
popcornflix.com;102;;1;1;1;1:1
animeflavor.com;101;;1;1;1;1:1
watchtvlinks.sx;100;;1;1;1;1:1
tunemovie.com;99;;1;1;1;1:1
watch-series-online.li;98;;1;1;1;1:1
viooz.lt;95;;1;1;1;1:1
uwatchfree.net;92;;1;1;1;1:1
cokeandpopcorn.ch;90;;1;1;1;1:1
vdownload.eu;89;;1;1;1;1:1
online-free-movie.com;86;;1;1;1;1:1
zimbio.com;85;;1;1;1;1:1
vite.io;82;;1;1;1;1:1
justclicktowatch.so;77;;1;1;1;1:1
cbs.com;76;;1;1;1;1:1
findtv.net;76;;1;1;1;1:1
ctv.ca;72;;1;1;1;1:1
channel4.com;71;;1;1;1;1:1
globaltv.com;69;;1;1;1;1:1
tvrage.com;69;;1;1;1;1:1
megashare9.com;67;;1;1;1;1:1
kissanime.com;65;;1;1;1;1:1
viki.com;65;;1;1;1;1:1
nowtv.com;65;watch:64;1;1;1;1:1
entmovies.com;64;;1;1;1;1:1
metacafe.com;63;;1;1;1;1:1
tvshowtime.com;63;;1;1;1;1:1
movies-online.biz;62;;1;1;1;1:1
merdb.com;61;;1;1;1;1:1
moviefone.com;58;news:2;1;1;1;1:1
reddit.com;55;;1;1;1;1:1
mtv.com;54;;1;1;1;1:1
todaypk.com;54;;1;1;1;1:1
webplayhd.com;53;;1;1;1;1:1
hollynbolly.com;53;;1;1;1;1:1
fox.com;50;;1;1;1;1:1
movie25.cm;50;;1;1;1;1:1
funniermoments.com;48;;1;1;1;1:1
futureforeignpolicy.com;48;;1;1;1;1:1
archive.org;48;;1;1;1;1:1
videobull.to;48;;1;1;1;1:1
netflix.com;48;dvd:33;1;1;1;1:1
disney.com;47;movies:8,disneychannel:9,muppets:3,cars:1,music:1,winniethepooh:1,video:5,disneyxd:19;1;1;1;1:1
myvue.com;46;;1;1;1;1:1
nick.com;46;nicktoons:23;1;1;1;1:1
flixster.com;46;;1;1;1;1:1
vidpi.com;45;;1;1;1;1:1
kinomusorka.ru;45;;1;1;1;1:1
watchonlinemovies.me;45;;1;1;1;1:1
drupalcommerce.org;44;;1;1;1;1:1
solarmovie.name;44;;1;1;1;1:1
entertainmenthitz.net;43;;1;1;1;1:1
putlockerbz.me;42;;1;1;1;1:1
watchseries-online.ch;41;;1;1;1;1:1
filmehd.net;41;;1;1;1;1:1
playmoviez.net;40;;1;1;1;1:1
tvfanatic.com;40;;1;1;1;1:1
citytv.com;39;;1;1;1;1:1
cooltamil.com;39;;1;1;1;1:1
watch-movies-tv.info;39;;1;1;1;1:1
bravemovies.com;39;;1;1;1;1:1
directv.com;38;news:1,support:1;1;1;1;1:1
watchanimemovie.com;38;;1;1;1;1:1
filmad.biz;37;;1;1;1;1:1
watchonlinecartoons.net;36;;1;1;1;1:1
tvland.com;36;;1;1;1;1:1
watchmovie.ws;36;;1;1;1;1:1
empireonline.com;35;;1;1;1;1:1
eonline.com;32;;1;1;1;1:1
mojvideo.com;31;;1;1;1;1:1
lankadrama.com;31;;1;1;1;1:1
tamilyogi.com;31;;1;1;1;1:1
watchseries.onl;30;;1;1;1;1:1
blogspot.nl;30;freedisneymovieonline:30;1;1;1;1:1
cartoonnetwork.com;30;;1;1;1;1:1
thiruttuvcd.me;29;;1;1;1;1:1
cwtv.com;29;;1;1;1;1:1
movie.to;29;;1;1;1;1:1
vudu.com;29;;1;1;1;1:1
tcm.com;29;;1;1;1;1:1
indiewire.com;29;blogs:12;1;1;1;1:1
net.au;29;abc:27,gutenberg:2;1;1;1;1:1
sho.com;27;;1;1;1;1:1
tune.pk;27;;1;1;1;1:1
cinemassacre.com;27;;1;1;1;1:1
couchtuner.me;27;;1;1;1;1:1
dubbedonline.org;27;;1;1;1;1:1
hbo.com;26;;1;1;1;1:1
crunchyroll.com;26;;1;1;1;1:1
movie4k.to;26;;1;1;1;1:1
tamiltwist.com;26;;1;1;1;1:1
cool-movies.biz;25;;1;1;1;1:1
logotv.com;25;;1;1;1;1:1
history.com;25;;1;1;1;1:1
hol.es;25;kimsmovie:1,freemovie-online:3,kopimovie:3,streaming-movieonline:16,nyohmovie:1,themazerunnerz:1;1;1;1;1:1
einthusan.com;25;;1;1;1;1:1
oldmovietime.com;25;;1;1;1;1:1
rajtamil.com;24;;1;1;1;1:1
desihit.net;24;;1;1;1;1:1
transnet-theatre.eu;24;;1;1;1;1:1
mediabang.org;24;;1;1;1;1:1
3moviesonline.com;24;;1;1;1;1:1
cbc.ca;23;;1;1;1;1:1
rottentomatoes.com;23;;1;1;1;1:1
comingsoon.net;23;;1;1;1;1:1
vkmovies.me;23;;1;1;1;1:1
emoviestv.co;23;;1;1;1;1:1
showcase.ca;23;;1;1;1;1:1
itv.com;23;;1;1;1;1:1
jeuxvideo.com;23;;1;1;1;1:1
screenrant.com;23;;1;1;1;1:1
video247.tv;23;;1;1;1;1:1
syfy.com;22;;1;1;1;1:1
moviestank.com;22;;1;1;1;1:1
losmovies.tv;22;;1;1;1;1:1
collider.com;21;;1;1;1;1:1
videobash.com;21;;1;1;1;1:1
putlocker.tn;21;;1;1;1;1:1
wikia.com;21;scrubs:1,gibbytheshow:1,divergent:1,disney:11,tardis:2,breakingbad:1,watchdogs:1,hayday:1,superman:1,batman:1;1;1;1;1:1
ustream.tv;21;;1;1;1;1:1
druidwiz.com;21;;1;1;1;1:1
bbcamerica.com;21;;1;1;1;1:1
hindilinks4u.to;20;;1;1;1;1:1
join4movies.com;19;;1;1;1;1:1
amctv.com;19;movies:2;1;1;1;1:1
bollyv4u.com;19;hindimovies:19;1;1;1;1:1
criterion.com;18;;1;1;1;1:1
onlinemoviewatchfree.com;18;;1;1;1;1:1
tntdrama.com;18;;1;1;1;1:1
watchwrestling.ch;18;;1;1;1;1:1
variety.com;18;;1;1;1;1:1
blogdetik.com;18;loadmoviefeka:2,librarymovieshehu:3,avilibrarysale:1,freemkvtepe:1,listlibraryvaru:1,filmlistipec:2,nownowubip:1,onlinewatchsofa:1,fullmoviesetef:1,nowfullurah:1,nowlistrico:1,filmmovieerut:2,loadbestasad:1;1;1;1;1:1
dubzonline.org;18;;1;1;1;1:1
ontvideo.com;18;;1;1;1;1:1
globalnews.ca;18;;1;1;1;1:1
movieberry.com;17;;1;1;1;1:1
kinox.to;17;;1;1;1;1:1
moviestreamhd.eu;17;;1;1;1;1:1
codeproject.com;17;;1;1;1;1:1
thedailyblink.com;17;;1;1;1;1:1
space.ca;17;;1;1;1;1:1
openculture.com;17;;1;1;1;1:1
cartoonnetworkasia.com;16;;1;1;1;1:1
bitlanders.com;16;;1;1;1;1:1
usfca.edu;16;bvymovies.wiki:3,mwymovies.wiki:1,7kvy1downloadcpv3i.wiki:1,gkomovies.wiki:2,kcemovies.wiki:1,dqomovies.wiki:1,fqemovies.wiki:1,wqymovies.wiki:1,kfimovies.wiki:1,spimovies.wiki:1,fyn50downloadghf5m.wiki:1,xmymovies.wiki:2;1;1;1;1:1
org.uk;16;player.bfi:3,whatson.bfi:6,rsc:1,greatashby:2,sciencemuseum:1,ntlive.nationaltheatre:1,nationaltheatre:1,merci:1;1;1;1;1:1
teennick.com;16;;1;1;1;1:1
desitvforum.net;16;;1;1;1;1:1
over-blog.com;16;moviehdgolden:1,downloadfilmsoriano:1,thefilmmcneil:2,movidownloadross:1,movietowatchspooner:1,downloadhighwolff:2,downloadfilmslaughter:1,filmdownloadsstump:1,downloadfilmfugate:1,filmopeningmalone:1,downloadthemoviehamilton:1,moviehastings:1,fullmoviecampbell:1,cinematicbreedlove:1;1;1;1;1:1
cc.com;16;thedailyshow:1,thecolbertreport:1,southpark:2;1;1;1;1:1
streema.com;16;;1;1;1;1:1
bitly.com;16;;1;1;1;1:1
appspot.com;15;watchcarriemovieinhd:1,watchdevilsduemovieinhd:1,watchrushmovieinhd:1,watchevilfeedmovieinhd:1,watchtheconjuringmovieinhd:1,watchsinistermovieinhd:8,watchasylummovieinhd:2;1;1;1;1:1
inseed.eu;15;;1;1;1;1:1
bravotv.com;15;;1;1;1;1:1
movieweb.com;15;;1;1;1;1:1
playnrip.com;15;;1;1;1;1:1
watchseries.sx;15;;1;1;1;1:1
adultswim.com;15;;1;1;1;1:1
india4movie.com;15;;1;1;1;1:1
moviemax24.com;15;;1;1;1;1:1
viz.com;15;;1;1;1;1:1
mlive.com;15;topics:15;1;1;1;1:1
aetv.com;15;;1;1;1;1:1
nickjr.com;15;;1;1;1;1:1
erosnow.com;14;;1;1;1;1:1
uflix.org;14;;1;1;1;1:1
moviesinn.net;14;;1;1;1;1:1
sbnation.com;14;;1;1;1;1:1
gopagoda.com;14;onlinemoviefreestreaming:2,watchmoviestreamingfreeonline:1,watchmoviesstreamfree:2,moviesonlinestream:1,streamingonlineforfree:1,fullmoviestreamz:1,watchmovieinstreaming:1,moviefreestream:1,watchfreemoviestreaming:2,watchfreemoviestream:1,moviesstreamingonlinefree:1;1;1;1;1:1
discovery.com;14;;1;1;1;1:1
webcrawler.com;14;;1;1;1;1:1
mintmovies.net;14;;1;1;1;1:1
watchserie.ch;14;;1;1;1;1:1
moviesfree.co;14;;1;1;1;1:1
livestream.com;13;new:1;1;1;1;1:1
watchmoviesonline88.com;13;;1;1;1;1:1
cornel1801.com;13;;1;1;1;1:1
megashare.ca;13;;1;1;1;1:1
zap2it.com;13;;1;1;1;1:1
usanetwork.com;13;;1;1;1;1:1
nick-asia.com;13;;1;1;1;1:1
locatetv.com;12;;1;1;1;1:1
funimation.com;12;;1;1;1;1:1
megamovieline.com;12;;1;1;1;1:1
dubbedcrazy.net;12;;1;1;1;1:1
disneyjunior.com;12;;1;1;1;1:1
huntenoutdoors.com;12;;1;1;1;1:1
rgcid.com;12;watch:12;1;1;1;1:1
ea.com;12;forum:12;1;1;1;1:1
thirteen.org;12;watch:1;1;1;1;1:1
fanpop.com;12;;1;1;1;1:1
megamoviewatch.com;12;;1;1;1;1:1
hollywoodlife.com;12;;1;1;1;1:1
buddytv.com;12;;1;1;1;1:1
yourepeat.com;12;;1;1;1;1:1
history.ca;12;;1;1;1;1:1
muvies.com;12;bfi:1,d-word:1,wolfeondemand:8,cinefile:2;1;1;1;1:1
stream2u.me;12;;1;1;1;1:1
nayamovies.net;11;;1;1;1;1:1
film4.com;11;film4od:8;1;1;1;1:1
pbskids.org;11;;1;1;1;1:1
netmov.tv;11;;1;1;1;1:1
worldfree4u.info;11;;1;1;1;1:1
pleasuremovie.com;11;;1;1;1;1:1
ow.ly;11;;1;1;1;1:1
bmovies.com;11;;1;1;1;1:1
kshowonline.com;11;;1;1;1;1:1
filmmovement.com;11;;1;1;1;1:1
vodlyto.com;11;;1;1;1;1:1
tubitv.com;11;;1;1;1;1:1
ifc.com;11;;1;1;1;1:1
natgeotv.com;11;;1;1;1;1:1
starz.com;11;;1;1;1;1:1
cultureunplugged.com;11;;1;1;1;1:1
huffingtonpost.com;11;;1;1;1;1:1
snapdeal.com;11;;1;1;1;1:1
film2k.net;11;;1;1;1;1:1
tribecafilm.com;10;;1;1;1;1:1
hgtv.com;10;;1;1;1;1:1
urdudailynews.com;10;videos:10;1;1;1;1:1
splitsider.com;10;;1;1;1;1:1
isbscholars.org;10;;1;1;1;1:1
movie2k.tl;10;;1;1;1;1:1
geektv.ch;10;;1;1;1;1:1
wimcine.com;10;;1;1;1;1:1
nfl.com;10;nflnonline:1,gamepass:1;1;1;1;1:1
marvel.com;10;;1;1;1;1:1
movieshd.co;10;;1;1;1;1:1
moviesportal.pk;10;;1;1;1;1:1
youku.com;10;v:10;1;1;1;1:1
codataengine.org;10;;1;1;1;1:1
wiziwig.tv;10;;1;1;1;1:1
bibliocommons.com;10;bowisland:1,markham:1,nypl:2,r450:1,woodstock-teens-2012:1,fvrl:1,x015:2,innisfil:1;1;1;1;1:1
tvseries.net;9;;1;1;1;1:1
godtube.com;9;;1;1;1;1:1
blogspot.in;9;9xn-org:1,wordpressmovies:8;1;1;1;1:1
imovies4you.com;9;;1;1;1;1:1
iptv.org;9;;1;1;1;1:1
documentaryheaven.com;9;;1;1;1;1:1
goodreads.com;9;;1;1;1;1:1
amazon.com;9;askville:9;1;1;1;1:1
deadline.com;9;;1;1;1;1:1
apnaview.com;9;;1;1;1;1:1
novamov.com;9;;1;1;1;1:1
megashare.im;9;;1;1;1;1:1
spike.com;9;;1;1;1;1:1
tetongravity.com;9;;1;1;1;1:1
solarmovieso.me;9;;1;1;1;1:1
desimoviez.net;9;;1;1;1;1:1
dubcrazy.tv;9;;1;1;1;1:1
kidsonlineplace.com;8;;1;1;1;1:1
examiner.com;8;;1;1;1;1:1
asian-horror-movies.com;8;;1;1;1;1:1
twitter.com;8;;1;1;1;1:1
renetworkgroup.com;8;;1;1;1;1:1
acg-tube.com;8;;1;1;1;1:1
idrupal.pl;8;;1;1;1;1:1
blip.tv;8;;1;1;1;1:1
cinemablend.com;8;;1;1;1;1:1
storify.com;8;;1;1;1;1:1
uwatch.to;8;;1;1;1;1:1
pictureboxfilms.com;8;;1;1;1;1:1
virginmedia.com;8;onlinemovies:1;1;1;1;1:1
slashdot.org;8;beta:8;1;1;1;1:1
tbs.com;8;;1;1;1;1:1
solarmovie.mx;8;;1;1;1;1:1
at.ua;8;free-movies:8;1;1;1;1:1
movielivestreaming.com;8;;1;1;1;1:1
washingtonpost.com;8;;1;1;1;1:1
cinemalovers.net;8;;1;1;1;1:1
fandor.com;8;;1;1;1;1:1
cartelmovies.net;8;;1;1;1;1:1
socialmediacomments.org;8;;1;1;1;1:1
thecomedynetwork.ca;8;;1;1;1;1:1
bollyspecial.net;7;;1;1;1;1:1
yearsoflivingdangerously.com;7;;1;1;1;1:1
horrormoviex.com;7;;1;1;1;1:1
spring.me;7;;1;1;1;1:1
mangafox.me;7;;1;1;1;1:1
statusweb.org;7;;1;1;1;1:1
streamtuner.me;7;;1;1;1;1:1
watchbiblemovies.com;7;;1;1;1;1:1
litemedia.biz;7;;1;1;1;1:1
theverge.com;7;;1;1;1;1:1
infotuze.com;7;;1;1;1;1:1
animalplanet.com;7;;1;1;1;1:1
nickatnite.com;7;;1;1;1;1:1
dramasmovie.com;7;;1;1;1;1:1
tlc.com;7;;1;1;1;1:1
breakfreemovies.biz;7;;1;1;1;1:1
frendz4m.info;7;;1;1;1;1:1
ew.com;7;insidemovies:4,popwatch:2;1;1;1;1:1
sitcomsonline.com;7;;1;1;1;1:1
slice.ca;7;;1;1;1;1:1
moviepilot.com;7;;1;1;1;1:1
fxnowcanada.ca;7;;1;1;1;1:1
documentarystorm.com;7;;1;1;1;1:1
frequency.com;6;;1;1;1;1:1
documentarylovers.com;6;;1;1;1;1:1
acornonline.com;6;;1;1;1;1:1
zmovie.in;6;;1;1;1;1:1
opensubtitles.org;6;;1;1;1;1:1
watchdesi.net;6;;1;1;1;1:1
break.com;6;;1;1;1;1:1
surfmovies.org;6;;1;1;1;1:1
cutetamil.net;6;;1;1;1;1:1
co.nz;6;yellowpepper:1,theedge:1,tvnz:3,madman:1;1;1;1;1:1
starwars.com;6;;1;1;1;1:1
in.com;6;colors:1;1;1;1;1:1
cat3movie.us;6;;1;1;1;1:1
meximas.com;6;watchblueray:3,kepexmovie:1,moviekoko:1,boxofficemoviescollection:1;1;1;1;1:1
300mbmovies4u.com;6;;1;1;1;1:1
freshdesk.com;6;moviesmkvcuri:1,loadmovieosum:2,listaviucel:2,moviefullacel:1;1;1;1;1:1
fullmovies.cc;6;;1;1;1;1:1
pinoytopmovies.com;6;;1;1;1;1:1
unblocked3.co;6;primewire:5,vodly:1;1;1;1;1:1
hdmaza.com;6;;1;1;1;1:1
cbsnews.com;6;;1;1;1;1:1
fandango.com;6;;1;1;1;1:1
taxrascal.com;6;;1;1;1;1:1
bnwmovies.com;6;;1;1;1;1:1
soup.io;6;dils25:1,watchcaptainhillipsonline:1,jiytrppp:2,gravity2013movie:1,bettyebqhe:1;1;1;1;1:1
vube.com;6;;1;1;1;1:1
bit.ly;6;;1;1;1;1:1
idahoptv.org;6;video:6;1;1;1;1:1
esy.es;6;icikmovie:2,kilomovie:4;1;1;1;1:1
skatevideosite.com;6;;1;1;1;1:1
tv14.net;6;;1;1;1;1:1
myspace.com;6;;1;1;1;1:1
craveonline.com;5;;1;1;1;1:1
flipkart.com;5;;1;1;1;1:1
twitch.tv;5;;1;1;1;1:1
jabong.com;5;;1;1;1;1:1
wsj.com;5;online:5;1;1;1;1:1
cokencorn.com;5;;1;1;1;1:1
startv.in;5;;1;1;1;1:1
kcet.org;5;;1;1;1;1:1
filmon.com;5;;1;1;1;1:1
animewow.tv;5;;1;1;1;1:1
kinglearner.com;5;;1;1;1;1:1
pronfl.net;5;;1;1;1;1:1
cmt.com;5;;1;1;1;1:1
oneclickmoviez.ag;5;;1;1;1;1:1
ted.com;5;blog:2;1;1;1;1:1
cnn.com;5;;1;1;1;1:1
enterprisepub.com;5;;1;1;1;1:1
dramafever.com;5;;1;1;1;1:1
uverse.com;5;;1;1;1;1:1
twitchfilm.com;5;;1;1;1;1:1
overblog.com;5;redsunmoviesblog:1,movieiwatch77:1,hdmoviesvision:3;1;1;1;1:1
mm1movies.com;5;;1;1;1;1:1
primewire.ae;5;;1;1;1;1:1
etonline.com;5;;1;1;1;1:1
pastemagazine.com;5;;1;1;1;1:1
fxnetworks.com;5;;1;1;1;1:1
animeshow.tv;5;;1;1;1;1:1
totalfilm.com;5;;1;1;1;1:1
gnlao.com;5;;1;1;1;1:1
chilimili.com;5;;1;1;1;1:1
si.com;5;;1;1;1;1:1
apni.tv;5;;1;1;1;1:1
g2g.fm;5;;1;1;1;1:1
tvcric.com;5;;1;1;1;1:1
manicmovies.com;5;;1;1;1;1:1
anime-planet.com;5;;1;1;1;1:1
lessonpaths.com;5;;1;1;1;1:1
moviesberg.net;5;;1;1;1;1:1
downloads4u.net;5;;1;1;1;1:1
transcendense.com;5;videos:5;1;1;1;1:1
tamillikers.com;5;;1;1;1;1:1
investigationdiscovery.com;5;;1;1;1;1:1
travelchannel.com;5;;1;1;1;1:1
friendfeed.com;5;;1;1;1;1:1
kidsmovies.tv;5;;1;1;1;1:1
barnesandnoble.com;5;;1;1;1;1:1
nontonmovie.com;5;;1;1;1;1:1
vh1.com;5;;1;1;1;1:1
heavy.com;5;;1;1;1;1:1
pencurimovie.cc;5;;1;1;1;1:1
lssparks.com;5;;1;1;1;1:1
mtv.ca;5;;1;1;1;1:1
disneyme.com;5;;1;1;1;1:1
movies2fun.org;5;;1;1;1;1:1
amazon.in;5;;1;1;1;1:1
digitaltheatre.com;4;;1;1;1;1:1
sockshare.co;4;;1;1;1;1:1
academia.edu;4;;1;1;1;1:1
fan.tv;4;;1;1;1;1:1
idigitaltimes.com;4;;1;1;1;1:1
free-tv-video-online.me;4;;1;1;1;1:1
lynda.com;4;;1;1;1;1:1
nytimes.com;4;;1;1;1;1:1
besaba.com;4;freefrozenmovieonline:1,freefrozenmovie:1,frozenfreeonline:1,full-moviee:1;1;1;1;1:1
download-movies.in;4;;1;1;1;1:1
ign.com;4;;1;1;1;1:1
iwatchangel.com;4;;1;1;1;1:1
freeintertv.com;4;;1;1;1;1:1
mdjunction.com;4;;1;1;1;1:1
christianfilmdatabase.com;4;;1;1;1;1:1
co.nl;4;downloadmovies:4;1;1;1;1:1
drafthousefilms.com;4;;1;1;1;1:1
wnetwork.com;4;;1;1;1;1:1
movie4u.org;4;;1;1;1;1:1
mrqe.com;4;;1;1;1;1:1
vioozhd.com;4;;1;1;1;1:1
io9.com;4;observationdeck:2;1;1;1;1:1
gloria.tv;4;;1;1;1;1:1
ncmfree.com;4;;1;1;1;1:1
stream2watch.me;4;;1;1;1;1:1
movies-tv-series-online-free.com;4;;1;1;1;1:1
com.br;4;legofog.xpg.uol:1,dyerfez.xpg.uol:1,levyfus.xpg:1,hcor:1;1;1;1;1:1
bestmovienow.com;4;;1;1;1;1:1
desitvhome.com;4;;1;1;1;1:1
startrek.com;4;;1;1;1;1:1
putlocker.com;4;;1;1;1;1:1
genius.com;4;pop:1,rock:1,rap:1,screen:1;1;1;1;1:1
fototaart.be;4;games.www:2,recipes.www:2;1;1;1;1:1
fullmoviesonline.in;4;hindi:4;1;1;1;1:1
freewatch.us;4;;1;1;1;1:1
mega-movie.net;4;;1;1;1;1:1
rockstargames.com;4;;1;1;1;1:1
indiatimes.com;4;zoomtv:1,live:1,shopping:1;1;1;1;1:1
univ-paris8.fr;4;science-politique:4;1;1;1;1:1
tvwat.ch;4;;1;1;1;1:1
cinemalive.tv;4;;1;1;1;1:1
fr-telechargement.com;4;;1;1;1;1:1
vipleague.se;4;;1;1;1;1:1
vulture.com;4;;1;1;1;1:1
spacemov.com;4;;1;1;1;1:1
rhcloud.com;4;watchingmoviesonline-newhd:2,2014movie-onlinestreming33:2;1;1;1;1:1
tvseriesfinale.com;4;;1;1;1;1:1
radaronline.com;4;;1;1;1;1:1
movie4kproxy.net;4;;1;1;1;1:1
tvcatchupaustralia.com;4;;1;1;1;1:1
downvids.net;4;;1;1;1;1:1
ac.id;4;pps.unla:4;1;1;1;1:1
watchdubbed.net;4;;1;1;1;1:1
watchgodzilla.com;4;;1;1;1;1:1
club-mst3k.com;4;;1;1;1;1:1
downloadsfreemovie.com;4;;1;1;1;1:1
scifistream.com;4;;1;1;1;1:1
yugioh.com;4;;1;1;1;1:1
slashfilm.com;4;;1;1;1;1:1
rte.ie;4;;1;1;1;1:1
craftytv.com;4;;1;1;1;1:1
neocinex.com;4;;1;1;1;1:1
liveonlinetv24x7.com;4;;1;1;1;1:1
rmpbs.org;4;video:4;1;1;1;1:1
breakingnewsenglish.com;4;;1;1;1;1:1
ubi.com;4;assassinscreed:1,watchdogs:1,ghost-recon:2;1;1;1;1:1
wanahana.com;4;;1;1;1;1:1
movietend.com;4;;1;1;1;1:1
watchsolarmovie.com;4;;1;1;1;1:1
avclub.com;4;;1;1;1;1:1
ibollytv.com;4;;1;1;1;1:1
putlockeris.me;4;;1;1;1;1:1
moviesonline365.com;4;;1;1;1;1:1
swarm.tv;4;;1;1;1;1:1
latino-review.com;4;;1;1;1;1:1
kickstarter.com;4;;1;1;1;1:1
oxygen.com;4;;1;1;1;1:1
bollymasala.net;4;;1;1;1;1:1
esquire.com;4;tv:3;1;1;1;1:1
classiccinema.org;4;;1;1;1;1:1
instantzoo.com;4;;1;1;1;1:1
freedocumentaries.org;4;;1;1;1;1:1
storyofstuff.org;4;;1;1;1;1:1
channel5.com;4;;1;1;1;1:1
thedissolve.com;4;;1;1;1;1:1
naij.com;4;video:4;1;1;1;1:1
moviesnewshd.com;4;;1;1;1;1:1
tvtoss.com;4;;1;1;1;1:1
teaser-trailer.com;4;;1;1;1;1:1
waldorfkindergarten-kleinmachnow.de;4;;1;1;1;1:1
topvideohd.com;4;;1;1;1;1:1
animejoy.tv;4;;1;1;1;1:1
trutv.com;4;;1;1;1;1:1
commonsensemedia.org;4;;1;1;1;1:1
time4tv.com;4;;1;1;1;1:1
scetv.org;4;video:4;1;1;1;1:1
filmovizija.com;4;;1;1;1;1:1
sexik.eu;4;;1;1;1;1:1
tudou.com;4;;1;1;1;1:1
horror-movies.biz;3;;1;1;1;1:1
yepme.com;3;;1;1;1;1:1
movieships.com;3;see:3;1;1;1;1:1
tripod.com;3;oldredhills:2,wonkadotcom:1;1;1;1;1:1
bernardwatch.com;3;;1;1;1;1:1
hallels.com;3;;1;1;1;1:1
movies-classic.org;3;;1;1;1;1:1
allmoviesdvd.com;3;;1;1;1;1:1
animebaka.tv;3;;1;1;1;1:1
filmandcoffee.com;3;;1;1;1;1:1
zmovie.me;3;;1;1;1;1:1
com.tr;3;surprise:1,kadoil:2;1;1;1;1:1
mkspot.org;3;;1;1;1;1:1
dewa.tv;3;;1;1;1;1:1
blog.com;3;imapeuovtypu:2,jaxsinpwyky:1;1;1;1;1:1
movshare.sx;3;;1;1;1;1:1
livesoccertv.com;3;;1;1;1;1:1
online-stopwatch.com;3;;1;1;1;1:1
vidzi.tv;3;;1;1;1;1:1
theguardian.com;3;;1;1;1;1:1
lunamovies.com;3;;1;1;1;1:1
hbowatch.com;3;;1;1;1;1:1
hearingvoicesusa.org;3;;1;1;1;1:1
fullmovie2in.co;3;;1;1;1;1:1
full4movie.com;3;;1;1;1;1:1
com.pk;3;rshop:1,fun92:1,live.tv:1;1;1;1;1:1
redbox.com;3;;1;1;1;1:1
putlocker-movies.com;3;;1;1;1;1:1
watchsailormoon.com;3;;1;1;1;1:1
tagtele.com;3;;1;1;1;1:1
nordstrom.com;3;shop:3;1;1;1;1:1
slate.com;3;;1;1;1;1:1
glogster.com;3;;1;1;1;1:1
stevealbright.com;3;;1;1;1;1:1
hdlord.com;3;;1;1;1;1:1
gov.au;3;scamwatch:2,parliament.qld:1;1;1;1;1:1
hasbro.com;3;;1;1;1;1:1
piaget.com;3;;1;1;1;1:1
megavideo.to;3;;1;1;1;1:1
legendofkorra.tv;3;;1;1;1;1:1
pokemonepisode.org;3;;1;1;1;1:1
grooveshark.com;3;;1;1;1;1:1
enginethemes.com;3;;1;1;1;1:1
apl.tv;3;;1;1;1;1:1
vevo.com;3;;1;1;1;1:1
citizen.tv;3;;1;1;1;1:1
bet.com;3;;1;1;1;1:1
ttvsearch.com;3;;1;1;1;1:1
movie4kto.in;3;;1;1;1;1:1
clickplay.to;3;;1;1;1;1:1
gamespot.com;3;;1;1;1;1:1
hallmarkchannel.com;3;;1;1;1;1:1
techniclub.net;3;;1;1;1;1:1
streamshingeki.com;3;;1;1;1;1:1
eplsite.com;3;;1;1;1;1:1
sm1ttysm1t.com;3;;1;1;1;1:1
nowhdwatch.com;3;;1;1;1;1:1
nbcsports.com;3;stream:1;1;1;1;1:1
dailystrength.org;3;;1;1;1;1:1
nfb.ca;3;highrise:1,blog:1;1;1;1;1:1
gigaom.com;3;;1;1;1;1:1
trekmovie.com;3;;1;1;1;1:1
rediff.com;3;mothers-day-gifts:1,shopping:2;1;1;1;1:1
eurovision.tv;3;;1;1;1;1:1
pinoymovie2k.tv;3;;1;1;1;1:1
bravo.ca;3;;1;1;1;1:1
bing.com;3;;1;1;1;1:1
pandaboard.org;3;;1;1;1;1:1
oprah.com;3;;1;1;1;1:1
retroist.com;3;;1;1;1;1:1
teamcoco.com;3;;1;1;1;1:1
verizon.com;3;;1;1;1;1:1
movieslinks4you.com;3;;1;1;1;1:1
movie-abraham.com;3;;1;1;1;1:1
ddotomen.com;3;;1;1;1;1:1
justpaste.it;3;;1;1;1;1:1
quora.com;3;;1;1;1;1:1
recpelis.com;3;;1;1;1;1:1
kcts9.org;3;video:2;1;1;1;1:1
lesmarchesfrancais.com;3;;1;1;1;1:1
nme.com;3;;1;1;1;1:1
wattpad.com;3;;1;1;1;1:1
amara.org;3;;1;1;1;1:1
googledrive.com;3;;1;1;1;1:1
onlinefmradio.in;3;;1;1;1;1:1
timeanddate.com;3;;1;1;1;1:1
sailormoonepisode.com;3;;1;1;1;1:1
fulltv.tv;3;;1;1;1;1:1
366weirdmovies.com;3;;1;1;1;1:1
tissotshop.com;3;us:3;1;1;1;1:1
watchonlineseries.eu;3;;1;1;1;1:1
skyrock.com;3;jeramycndy:1,cathryntbu:2;1;1;1;1:1
hdmoviesvk.com;3;;1;1;1;1:1
cinemahollywoodtv.com;3;;1;1;1;1:1
complet.me;3;;1;1;1;1:1
peliculasmas.com;3;;1;1;1;1:1
g4tv.com;3;;1;1;1;1:1
authorstream.com;3;;1;1;1;1:1
tiff.net;3;;1;1;1;1:1
last.fm;3;;1;1;1;1:1
desirulez.net;3;;1;1;1;1:1
zillionsb.com;3;watchthehungergamesfullmovieonlinefreemegashare:1,watchhindimovieonlineforfree:2;1;1;1;1:1
feeln.com;3;;1;1;1;1:1
tv3.ie;3;;1;1;1;1:1
americaonesports.com;3;;1;1;1;1:1
watchsnk.com;3;;1;1;1;1:1
ivi.es;3;foro:3;1;1;1;1:1
online4shop.net;3;watchstreamingonlinefree:1,movielivestream:1,watchstreamonline:1;1;1;1;1:1
moxtour.com;3;;1;1;1;1:1
bridgebase.com;3;online:3;1;1;1;1:1
swefilmer.com;3;;1;1;1;1:1
filmikz.ch;3;;1;1;1;1:1
movie1k.ag;3;;1;1;1;1:1
westernmania.com;3;;1;1;1;1:1
vodlocker.com;3;;1;1;1;1:1
primewire.pw;3;;1;1;1;1:1
ilive.to;3;;1;1;1;1:1
codenametbw.com;3;;1;1;1;1:1
downloaddailymotion.com;3;;1;1;1;1:1
knowledge.ca;3;;1;1;1;1:1
smartdesis.com;3;videos:3;1;1;1;1:1
bnn.ca;3;;1;1;1;1:1
indiegogo.com;3;;1;1;1;1:1
freemoviescinema.com;3;;1;1;1;1:1
filmeonline2013.biz;3;;1;1;1;1:1
wliw.org;3;watch:2;1;1;1;1:1
onlineshortfilms.net;3;;1;1;1;1:1
yify.tv;3;;1;1;1;1:1
ndsmcobserver.com;3;;1;1;1;1:1
thiniceclimate.org;3;;1;1;1;1:1
mubi.com;3;;1;1;1;1:1
gtarcade.com;3;community:3;1;1;1;1:1
crossfit-competition.com;3;;1;1;1;1:1
hollywoodreporter.com;3;;1;1;1;1:1
whoselineanyway.org;3;;1;1;1;1:1
streetfighteraf.com;3;;1;1;1;1:1
onlinemoviesfree.in;3;;1;1;1;1:1
mixcc.com;3;;1;1;1;1:1
1channel.so;3;;1;1;1;1:1
susanin.biz;3;;1;1;1;1:1
bachelorcanada.ca;3;;1;1;1;1:1
sailormoonepisode.org;3;;1;1;1;1:1
seewinter.com;3;;1;1;1;1:1
movies80.com;3;;1;1;1;1:1
chrono24.com;3;;1;1;1;1:1
cityofholland.com;2;;1;1;1;1:1
adage.com;2;;1;1;1;1:1
theanimenetwork.com;2;;1;1;1;1:1
deviantart.com;2;braiantripay:1,tohucart:1;1;1;1;1:1
designingwomenonline.com;2;;1;1;1;1:1
storm-league.com;2;;1;1;1;1:1
canlidizihd1.com;2;;1;1;1;1:1
fullmoviewatchonline.in;2;;1;1;1;1:1
libelium.com;2;;1;1;1;1:1
download-full.org;2;;1;1;1;1:1
theweek.com;2;;1;1;1;1:1
fansided.com;2;;1;1;1;1:1
ithaca.edu;2;;1;1;1;1:1
wvia.org;2;on-demand:2;1;1;1;1:1
onlineclock.net;2;stopwatch:2;1;1;1;1:1
go.th;2;kamphaengphet.cad:2;1;1;1;1:1
nerdist.com;2;;1;1;1;1:1
couragetodare.org;2;;1;1;1;1:1
onlinewatchmovies.co;2;;1;1;1;1:1
ateliercreationjf.biz;2;;1;1;1;1:1
cbslocal.com;2;washington:1,chicago:1;1;1;1;1:1
aqfree.com;2;;1;1;1;1:1
scoop.it;2;;1;1;1;1:1
overstock.com;2;;1;1;1;1:1
revo-online.com;2;;1;1;1;1:1
circlepad.com;2;;1;1;1;1:1
torrent-reactor.com;2;;1;1;1;1:1
wroc.pl;2;kryminalistyka.prawo.uni:2;1;1;1;1:1
nickelodeonafrica.com;2;;1;1;1;1:1
wheresthematch.com;2;;1;1;1;1:1
movienewsguide.com;2;;1;1;1;1:1
people.com;2;;1;1;1;1:1
movie2kmovie2k.in;2;;1;1;1;1:1
dobrokuham.si;2;;1;1;1;1:1
onlinemovies24x7.com;2;;1;1;1;1:1
mvlbrain.com;2;;1;1;1;1:1
nowwatchtvlive.com;2;;1;1;1;1:1
tripadvisor.com;2;;1;1;1;1:1
tsmplug.com;2;;1;1;1;1:1
theaa.com;2;;1;1;1;1:1
hot.ee;2;;1;1;1;1:1
watchfomny.net;2;;1;1;1;1:1
visitithaca.com;2;;1;1;1;1:1
co.za;2;pricecheck:2;1;1;1;1:1
haro-online.com;2;;1;1;1;1:1
allaboutbirds.org;2;cams:2;1;1;1;1:1
ghbase.com;2;;1;1;1;1:1
advocate.com;2;;1;1;1;1:1
tvline.com;2;;1;1;1;1:1
p2pu.org;2;;1;1;1;1:1
gamehosting.ba;2;cs:2;1;1;1;1:1
jacksonheights-cinema.com;2;;1;1;1;1:1
sundance.tv;2;;1;1;1;1:1
com.sg;2;onemotoring:1,passions:1;1;1;1;1:1
kirkusreviews.com;2;;1;1;1;1:1
corvetteactioncenter.com;2;;1;1;1;1:1
nowvideo.sx;2;;1;1;1;1:1
wegotthiscovered.com;2;;1;1;1;1:1
ontab.tv;2;;1;1;1;1:1
too2late.com;2;shop:2;1;1;1;1:1
moviefull-hd.com;2;;1;1;1;1:1
eliza-dushku.org;2;;1;1;1;1:1
linkli.st;2;;1;1;1;1:1
pricewatch.com;2;;1;1;1;1:1
profreetv.com;2;;1;1;1;1:1
abcspark.ca;2;;1;1;1;1:1
showtimeanytime.com;2;;1;1;1;1:1
southparkstudios.dk;2;;1;1;1;1:1
thebestmovietrailer.com;2;;1;1;1;1:1
crownandcaliber.com;2;;1;1;1;1:1
up3s.com;2;;1;1;1;1:1
visiontv.ca;2;;1;1;1;1:1
wpt.org;2;video:2;1;1;1;1:1
co.jp;2;mammies:2;1;1;1;1:1
shopbop.com;2;;1;1;1;1:1
punhdmovies.com;2;;1;1;1;1:1
lovecraftzine.com;2;;1;1;1;1:1
nba-stream.com;2;;1;1;1;1:1
senseprinters.com;2;only4u:2;1;1;1;1:1
jumppuppy.com;2;forum:2;1;1;1;1:1
wired.com;2;;1;1;1;1:1
dcamediasolution.com;2;;1;1;1;1:1
tvfiends.com;2;;1;1;1;1:1
souleaterepisode.com;2;;1;1;1;1:1
iosmovies.com;2;;1;1;1;1:1
bittorrent.pm;2;;1;1;1;1:1
tor.com;2;;1;1;1;1:1
cross.tv;2;;1;1;1;1:1
moviesmaze.com;2;;1;1;1;1:1
pinoysabroad.org;2;;1;1;1;1:1
gbits.net;2;;1;1;1;1:1
sinervis.com;2;videocorsi:2;1;1;1;1:1
ctvnews.ca;2;bc:1,winnipeg:1;1;1;1;1:1
streamallthis.is;2;;1;1;1;1:1
kpopstarz.com;2;;1;1;1;1:1
mgm.com;2;stargate:2;1;1;1;1:1
fletchwon.net;2;;1;1;1;1:1
ashbypolice.org;2;;1;1;1;1:1
freetextbox.com;2;forums:2;1;1;1;1:1
wfsu.org;2;video:2;1;1;1;1:1
freetvall.com;2;;1;1;1;1:1
boxtv.com;2;;1;1;1;1:1
bigskyconf.com;2;;1;1;1;1:1
yupptv.com;2;;1;1;1;1:1
aceshowbiz.com;2;;1;1;1;1:1
hallmarkchanneleverywhere.com;2;;1;1;1;1:1
stumbleupon.com;2;;1;1;1;1:1
eurogamer.net;2;;1;1;1;1:1
echoparkforums.com;2;;1;1;1;1:1
3share.us;2;;1;1;1;1:1
digitalspy.com;2;;1;1;1;1:1
boomeranghq.net;2;;1;1;1;1:1
couchtuner.ca;2;;1;1;1;1:1
theoffice.so;2;;1;1;1;1:1
christiananswers.net;2;;1;1;1;1:1
gotamil.org;2;;1;1;1;1:1
telewebion.com;2;;1;1;1;1:1
wejew.com;2;;1;1;1;1:1
weebly.com;2;watch-thewhiteribbon-movie:1,watch-fierce-people-movie:1;1;1;1;1:1
scienceblogs.com;2;;1;1;1;1:1
dubbedepisodes.org;2;;1;1;1;1:1
ntv.ca;2;;1;1;1;1:1
searchenginewatch.com;2;;1;1;1;1:1
erikmast.nl;2;;1;1;1;1:1
moviezworld.in;2;;1;1;1;1:1
thedoctorstv.com;2;;1;1;1;1:1
northpoint.org;2;;1;1;1;1:1
wikispaces.com;2;downloadneverletmegoonline:1,download-larry-crowne-free:1;1;1;1;1:1
m3tv.ca;2;;1;1;1;1:1
online2shops.org;2;watchmovieonlineviooz:1,watchonlinefreestreaming:1;1;1;1;1:1
films21online.com;2;;1;1;1;1:1
watchkart.com;2;;1;1;1;1:1
my-mac.net;2;;1;1;1;1:1
tylerperry.com;2;;1;1;1;1:1
filmschoolrejects.com;2;;1;1;1;1:1
whattoexpect.com;2;;1;1;1;1:1
mediaite.com;2;;1;1;1;1:1
businessinsider.com;2;;1;1;1;1:1
ket.org;2;video:1;1;1;1;1:1
173.225.17.170;2;;1;1;1;1:1
ac.uk;2;brookes:1,essex:1;1;1;1;1:1
warcraftcinema.com;2;;1;1;1;1:1
salsaandbachatadancer.com;2;;1;1;1;1:1
dota2.com;2;;1;1;1;1:1
interbasket.net;2;;1;1;1;1:1
java.net;2;;1;1;1;1:1
evolvefestival.com;2;;1;1;1;1:1
fuelrewards.com;2;shop:2;1;1;1;1:1
hao123.com;2;ar:2;1;1;1;1:1
bbcshop.com;2;;1;1;1;1:1
nydailynews.com;2;;1;1;1;1:1
fridaycinemas.com;2;;1;1;1;1:1
gtainside.com;2;;1;1;1;1:1
themovies.us;2;bestmystery:1,bestadventure:1;1;1;1;1:1
hollywoodmarkets.com;2;;1;1;1;1:1
latestmoviesonline.net;2;;1;1;1;1:1
theaterstore.info;2;;1;1;1;1:1
geekandsundry.com;2;theguild:1;1;1;1;1:1
movie4go.com;2;;1;1;1;1:1
rogersondemand.com;2;test-b:1;1;1;1;1:1
ulive.com;2;;1;1;1;1:1
comicbookresources.com;2;spinoff:2;1;1;1;1:1
screencrush.com;2;;1;1;1;1:1
livetvcafe.net;2;;1;1;1;1:1
psfilmfest.org;2;;1;1;1;1:1
free.fr;2;casanegra:2;1;1;1;1:1
anime1.com;2;;1;1;1;1:1
fullmovieyoutube.com;2;;1;1;1;1:1
lauren-online.net;2;;1;1;1;1:1
collegehumor.com;2;;1;1;1;1:1
ovationtv.com;2;;1;1;1;1:1
hauptmanjewelers.com;2;;1;1;1;1:1
lolesports.com;2;na:2;1;1;1;1:1
zkouknito.cz;2;;1;1;1;1:1
chron.com;2;blog:2;1;1;1;1:1
corridosblindados.org;2;;1;1;1;1:1
klru.org;2;;1;1;1;1:1
momforlife.com;2;dulltwaddle95:2;1;1;1;1:1
bestsmovies2014.com;2;topcomedy:1,wildwest:1;1;1;1;1:1
howtotrainyourdragon.com;2;;1;1;1;1:1
jamesgunn.com;2;;1;1;1;1:1
lehighvalleylive.com;2;topics:2;1;1;1;1:1
aitonline.tv;2;;1;1;1;1:1
articlesfactory.com;2;;1;1;1;1:1
worldmovieshd.com;2;;1;1;1;1:1
fnuz.com;2;;1;1;1;1:1
nthmovies.com;2;;1;1;1;1:1
btn2go.com;2;;1;1;1;1:1
cinefox.tv;2;;1;1;1;1:1
watchmoviesonline.mobi;2;;1;1;1;1:1
jennifarley.com;2;;1;1;1;1:1
wyomingpbs.org;2;video:2;1;1;1;1:1
hitfix.com;2;;1;1;1;1:1
kcm.org;2;;1;1;1;1:1
tamilaruvy.com;2;;1;1;1;1:1
scifistorm.org;2;;1;1;1;1:1
kaymu.pk;2;;1;1;1;1:1
electricalaudio.com;2;;1;1;1;1:1
ican4kids.org;2;;1;1;1;1:1
gshock.com;2;;1;1;1;1:1
coach.com;2;;1;1;1;1:1
mrjoneswatches.com;2;;1;1;1;1:1
mrhow.net;2;;1;1;1;1:1
sofascore.com;2;;1;1;1;1:1
dadycandoit.com;2;;1;1;1;1:1
shocking-gift.com;2;;1;1;1;1:1
gooddrama.co;2;;1;1;1;1:1
thecheers.org;2;tv:2;1;1;1;1:1
teckler.com;2;;1;1;1;1:1
streaming-guide.com;2;;1;1;1;1:1
6abc.com;2;;1;1;1;1:1
therostrum.net;2;;1;1;1;1:1
redgreen.com;2;;1;1;1;1:1
kera.org;2;video:2;1;1;1;1:1
nationbuilder.com;2;;1;1;1;1:1
harvard.edu;2;health:2;1;1;1;1:1
watchmovies.cc;2;;1;1;1;1:1
dangerousminds.net;2;;1;1;1;1:1
disneymoviesanywhere.com;2;;1;1;1;1:1
rollerbg.com;2;;1;1;1;1:1
do.am;2;filme-xlino:1,1filmonline:1;1;1;1;1:1
softonic.com;2;en:2;1;1;1;1:1
alfamovie.com;2;;1;1;1;1:1
forbes.com;2;;1;1;1;1:1
telebesyon.com;2;;1;1;1;1:1
movie-streaming.us;2;;1;1;1;1:1
stafaband.info;2;;1;1;1;1:1
buy-watches.eu;2;selling-a-watch:2;1;1;1;1:1
haykino.ru;2;;1;1;1;1:1
comunidades.net;2;timifersli:1,germandoctor:1;1;1;1;1:1
audiomack.com;2;;1;1;1;1:1
digital-photography-school.com;2;;1;1;1;1:1
github.com;2;;1;1;1;1:1
tumblr.net;2;;1;1;1;1:1
pinkisthenewblog.com;2;;1;1;1;1:1
savevid.com;2;;1;1;1;1:1
boardreader.com;2;;1;1;1;1:1
thebigpicturemovie.com;2;;1;1;1;1:1
cineplex.com;2;;1;1;1;1:1
daotrunghung.vn;2;;1;1;1;1:1
tfc.tv;2;;1;1;1;1:1
christophwaltzfans.com;2;;1;1;1;1:1
putlockervk.com;2;;1;1;1;1:1
cinemahdwatch.com;2;;1;1;1;1:1
notjustaprettyface.org;2;;1;1;1;1:1
eastloshigh.com;2;;1;1;1;1:1
foodnetwork.ca;2;;1;1;1;1:1
time.com;2;;1;1;1;1:1
lockerdome.com;2;;1;1;1;1:1
aarp.org;2;games:1;1;1;1;1:1
makeuseof.com;2;;1;1;1;1:1
espnplayer.com;2;;1;1;1;1:1
streamerhut.com;2;;1;1;1;1:1
fmovie.co;2;;1;1;1;1:1
c21media.net;2;;1;1;1;1:1
moviesbox.org;2;;1;1;1;1:1
omfryslan.nl;2;;1;1;1;1:1
nobelprize.org;2;;1;1;1;1:1
discogs.com;2;;1;1;1;1:1
enstarz.com;2;;1;1;1;1:1
utopiatv.com;2;;1;1;1;1:1
anunrealdream.com;2;;1;1;1;1:1
heraldscotland.com;2;;1;1;1;1:1
canistream.it;2;;1;1;1;1:1
worldmoviesfree.com;2;;1;1;1;1:1
easymoviefinder.info;2;watchfullmovieonline:2;1;1;1;1:1
tresse-cuivre.biz;2;;1;1;1;1:1
viewme.com;2;;1;1;1;1:1
timeme.com;2;;1;1;1;1:1
adobe.com;2;max:1,2014.summit:1;1;1;1;1:1
zugih.com;2;;1;1;1;1:1
aghtelevision.com;2;;1;1;1;1:1
nj.com;2;;1;1;1;1:1
megavidmovie.org;2;;1;1;1;1:1
globalwatchbrokers.com;2;;1;1;1;1:1
epicmoviesonline.com;2;;1;1;1;1:1
elswordonline.com;2;enforums:2;1;1;1;1:1
myfoxny.com;2;;1;1;1;1:1
dptv.org;2;video:2;1;1;1;1:1
embedlinks.com;2;;1;1;1;1:1
barbie.com;2;;1;1;1;1:1
ixgames.com;2;forum:2;1;1;1;1:1
dearfruit.com;2;;1;1;1;1:1
ceganmo.com;2;watch:2;1;1;1;1:1
oneclickwatch.org;2;;1;1;1;1:1
desi-tashan.com;2;;1;1;1;1:1
outdoorchannel.com;2;;1;1;1;1:1
supportsystem.com;2;bernhagrobu:1,dianicimic:1;1;1;1;1:1
whatidowithmoney.com;2;;1;1;1;1:1
filmsy.org;2;;1;1;1;1:1
thesimpsons.com;2;;1;1;1;1:1
documentaryaddict.com;2;;1;1;1;1:1
liketelevision.com;2;tesla:2;1;1;1;1:1
ifeed2all.eu;2;;1;1;1;1:1
megashare.pw;2;;1;1;1;1:1
cineuropa.org;2;;1;1;1;1:1
latestmoviesfull.com;2;;1;1;1;1:1
thenoxons.com;2;;1;1;1;1:1
timezone.com;2;;1;1;1;1:1
watchathletics.com;2;;1;1;1;1:1
santabarbaraca.gov;2;;1;1;1;1:1
msnbc.com;2;;1;1;1;1:1
thewrap.com;2;;1;1;1;1:1
watchinga.com;2;;1;1;1;1:1
cinetux.org;2;;1;1;1;1:1
crichd.in;2;;1;1;1;1:1
battle.net;2;us:2;1;1;1;1:1
web.id;2;animeindo:2;1;1;1;1:1
nairaland.com;2;;1;1;1;1:1
seriesflv.net;2;;1;1;1;1:1
eaa.org;2;;1;1;1;1:1
firstmovie.co;2;;1;1;1;1:1
animelab.com;2;;1;1;1;1:1
watchtime.com;2;;1;1;1;1:1
nycga.net;2;;1;1;1;1:1
mastipluz.com;2;;1;1;1;1:1
primagames.com;2;;1;1;1;1:1
gameofowns.com;2;;1;1;1;1:1
newtvworld.com;2;;1;1;1;1:1
junglee.com;2;;1;1;1;1:1
mineplex.com;2;;1;1;1;1:1
gamefaqs.com;2;;1;1;1;1:1
giniko.com;2;;1;1;1;1:1
htmlarea.com;2;;1;1;1;1:1
macys.com;2;;1;1;1;1:1
fossil.com;2;;1;1;1;1:1
nepalimovie.tv;2;;1;1;1;1:1
urli.st;2;;1;1;1;1:1
aimfm.com;2;;1;1;1;1:1
learner.org;2;;1;1;1;1:1
parisinfo.com;2;en:2;1;1;1;1:1
cool-download.org;2;;1;1;1;1:1
wayachts.eu;2;;1;1;1;1:1
hltv.org;2;;1;1;1;1:1
omegawatches.com;2;;1;1;1;1:1
tubefilter.com;2;;1;1;1;1:1
danpatrick.com;2;;1;1;1;1:1
thetenthwatch.com;2;;1;1;1;1:1
oke3.com;2;;1;1;1;1:1
inhdonline.com;2;moviestream1:1,watchonlinefullmovie1:1;1;1;1;1:1
clevelandshowepisodes.tv;2;;1;1;1;1:1
blogymate.com;2;;1;1;1;1:1
nofirezone.org;2;;1;1;1;1:1
vitess.com;2;;1;1;1;1:1
aliexpress.com;2;;1;1;1;1:1
tracktvlinks.com;2;;1;1;1;1:1
perfectstrangers.tv;2;;1;1;1;1:1
pog.com;2;;1;1;1;1:1
sodahead.com;2;;1;1;1;1:1
watchonlinefree.info;2;;1;1;1;1:1
complex.com;2;;1;1;1;1:1
keiloassociates.com;2;;1;1;1;1:1
bhojpurinama.com;2;m:2;1;1;1;1:1
wheretowatch.org;2;;1;1;1;1:1
findinternettv.com;2;;1;1;1;1:1
monsterhighonline.net;2;;1;1;1;1:1
edu.au;2;smp.uq:2;1;1;1;1:1
formmovies.com;2;;1;1;1;1:1
unblocked.so;2;letmewatchthis:2;1;1;1;1:1
space.com;2;;1;1;1;1:1
chatsports.com;2;;1;1;1;1:1
escapementmagazine.com;2;;1;1;1;1:1
foodnetwork.com;2;;1;1;1;1:1
defiance.com;2;;1;1;1;1:1
herbalzym.com;2;;1;1;1;1:1
wuaki.tv;2;uk:2;1;1;1;1:1
derpforum.nl;2;;1;1;1;1:1
peliculasclassics.com;2;;1;1;1;1:1
piratetorrents.net;2;;1;1;1;1:1
xvideos.com;2;;1;1;1;1:1
ning.com;2;peacepink:1,coredjradio:1;1;1;1;1:1
gtasanandreas.net;2;;1;1;1;1:1
bosmun.org;2;;1;1;1;1:1
beneaththeharvestsky.com;2;;1;1;1;1:1
iwatchitsalwayssunnyinphiladelphia.com;1;;1;1;1;1:1
filmamk.org;1;;1;1;1;1:1
sockshare.com;1;;1;1;1;1:1
yellowpages.com;1;;1;1;1;1:1
stevie-nicks.info;1;;1;1;1;1:1
350.org;1;;1;1;1;1:1
drafthouse.com;1;;1;1;1;1:1
dazeddigital.com;1;;1;1;1;1:1
moviespictures.org;1;;1;1;1;1:1
letsrun.com;1;;1;1;1;1:1
onlinepoliceacademy.org;1;;1;1;1;1:1
desistreem.com;1;;1;1;1;1:1
iris.edu;1;;1;1;1;1:1
moviestostream.com;1;;1;1;1;1:1
zendesk.com;1;unrollme:1;1;1;1;1:1
motorola.com;1;moto360:1;1;1;1;1:1
chandbag.com;1;;1;1;1;1:1
rollingstone.com;1;;1;1;1;1:1
prisonplanet.com;1;forum:1;1;1;1;1:1
co.in;1;movie-4k:1;1;1;1;1:1
toptenreviews.com;1;internet-tv-sites-review:1;1;1;1;1:1
churchoftherock.ca;1;;1;1;1;1:1
fox5vegas.com;1;;1;1;1;1:1
britishcouncil.org;1;learnenglishkids:1;1;1;1;1:1
sanpedroanimalhospital.com;1;;1;1;1;1:1
cinemaindo.net;1;;1;1;1;1:1
italia-film.org;1;;1;1;1;1:1
anime4you.com;1;;1;1;1;1:1
smosh.com;1;;1;1;1;1:1
premium-movies.com;1;;1;1;1;1:1
pitchfork.com;1;;1;1;1;1:1
historyvshollywood.com;1;;1;1;1;1:1
onereads.org;1;;1;1;1;1:1
wave3.com;1;;1;1;1;1:1
clickonline.com;1;;1;1;1;1:1
linksoflondon.com;1;;1;1;1;1:1
vice.com;1;;1;1;1;1:1
globevod.com;1;;1;1;1;1:1
clip.dj;1;;1;1;1;1:1
horrordomain.com;1;;1;1;1;1:1
polygon.com;1;;1;1;1;1:1
movie1005.com;1;;1;1;1;1:1
animepalm.org;1;;1;1;1;1:1
bellanaija.com;1;;1;1;1;1:1
watchfullmoviesonline.tv;1;;1;1;1;1:1
drfmovies.com;1;;1;1;1;1:1
cinemax.com;1;;1;1;1;1:1
nomos-store.com;1;;1;1;1;1:1
france24.com;1;;1;1;1;1:1
wunderlist.com;1;;1;1;1;1:1
vipfilmonline.com;1;fullmoviesonlinefree:1;1;1;1;1:1
tvmoviefree.com;1;;1;1;1;1:1
watchdocumentary.org;1;;1;1;1;1:1
stormwatches.com;1;;1;1;1;1:1
webitalia.club;1;;1;1;1;1:1
nickmom.com;1;;1;1;1;1:1
propertyroom.com;1;;1;1;1;1:1
funkidslive.com;1;;1;1;1;1:1
dwldtube.com;1;;1;1;1;1:1
taylorswift.com;1;;1;1;1;1:1
kcgo.net;1;;1;1;1;1:1
fullonlinefilmizle.com;1;;1;1;1;1:1
starsports.com;1;;1;1;1;1:1
net-a-porter.com;1;;1;1;1;1:1
ifirstrowus.eu;1;;1;1;1;1:1
playbrand.info;1;;1;1;1;1:1
nickandmore.com;1;;1;1;1;1:1
itstodownload.com;1;;1;1;1;1:1
vertelenovelas.to;1;;1;1;1;1:1
blogsob.com;1;;1;1;1;1:1
huskers.com;1;;1;1;1;1:1
olg.ca;1;;1;1;1;1:1
cinefamily.org;1;;1;1;1;1:1
medialkultur.org;1;;1;1;1;1:1
wjtv.com;1;;1;1;1;1:1
easysurf.cc;1;;1;1;1;1:1
geektyrant.com;1;;1;1;1;1:1
cannibalthemusical.net;1;;1;1;1;1:1
watchmovietvonline.com;1;;1;1;1;1:1
spuul.com;1;;1;1;1;1:1
hitbliss.com;1;;1;1;1;1:1
olangal.com;1;;1;1;1;1:1
verbicidemagazine.com;1;;1;1;1;1:1
sockshare.me;1;;1;1;1;1:1
wetv.com;1;;1;1;1;1:1
mobstarink.com;1;;1;1;1;1:1
loitersquad.com;1;;1;1;1;1:1
8tracks.com;1;;1;1;1;1:1
mmo-champion.com;1;;1;1;1;1:1
1freestreaming.com;1;blog:1;1;1;1;1:1
vg247.com;1;;1;1;1;1:1
film1k.com;1;;1;1;1;1:1
jainscommunity.in;1;;1;1;1;1:1
tommycrocker.com;1;;1;1;1;1:1
12160.info;1;;1;1;1;1:1
beelinetv.com;1;;1;1;1;1:1
the-strain.com;1;;1;1;1;1:1
mstarz.com;1;;1;1;1;1:1
cinema-international.com;1;;1;1;1;1:1
sportcategory.com;1;;1;1;1;1:1
funnyordie.com;1;;1;1;1;1:1
wynderry.com;1;;1;1;1;1:1
breitbart.com;1;;1;1;1;1:1
97zokonline.com;1;;1;1;1;1:1
flickeringmyth.com;1;;1;1;1;1:1
frapler.com;1;;1;1;1;1:1
vinceflynn.com;1;;1;1;1;1:1
destinationamerica.com;1;;1;1;1;1:1
bbc.com;1;;1;1;1;1:1
britannica.com;1;;1;1;1;1:1
ifcfilms.com;1;;1;1;1;1:1
reason.com;1;;1;1;1;1:1
groupspaces.com;1;;1;1;1;1:1
bopandtigerbeat.com;1;;1;1;1;1:1
scholastic.com;1;;1;1;1;1:1
gov.uk;1;apps.environment-agency:1;1;1;1;1:1
startreknewvoyages.com;1;;1;1;1;1:1
woodtv.com;1;;1;1;1;1:1
onepieceofficial.com;1;;1;1;1;1:1
rebootwithjoe.com;1;;1;1;1;1:1
plush.be;1;;1;1;1;1:1
fastcocreate.com;1;;1;1;1;1:1
watchproxy.com;1;;1;1;1;1:1
bodybuilding.com;1;forum:1;1;1;1;1:1
tbn.org;1;;1;1;1;1:1
iwatchstuff.com;1;;1;1;1;1:1
legendsofozmovie.com;1;;1;1;1;1:1
geekwire.com;1;;1;1;1;1:1
digitaltrends.com;1;;1;1;1;1:1
watchpokemonepisodes.com;1;;1;1;1;1:1
ipviking.com;1;map:1;1;1;1;1:1
worldoffreeonlinemovies.com;1;;1;1;1;1:1
iywib.com;1;;1;1;1;1:1
zfilmeonline.org;1;;1;1;1;1:1
lifeinitaly.com;1;my:1;1;1;1;1:1
boston.com;1;;1;1;1;1:1
metondertiteling.nl;1;;1;1;1;1:1
hancinema.net;1;;1;1;1;1:1
miramax.com;1;;1;1;1;1:1
org.sb;1;sinpf:1;1;1;1;1:1
mediapost.com;1;;1;1;1;1:1
pcmag.com;1;;1;1;1;1:1
getfullmovieonline.com;1;;1;1;1;1:1
soapoperanetwork.com;1;;1;1;1;1:1
klru.tv;1;video:1;1;1;1;1:1
nuts.com;1;;1;1;1;1:1
johnlecarre.com;1;;1;1;1;1:1
serialetv.net;1;;1;1;1;1:1
icarly.com;1;;1;1;1;1:1
kentuckyderby.com;1;;1;1;1;1:1
moviesrack.net;1;;1;1;1;1:1
watchft.tv;1;;1;1;1;1:1
vocesnordicae.se;1;;1;1;1;1:1
sproutonline.com;1;;1;1;1;1:1
therainbowtribemovie.com;1;;1;1;1;1:1
mycelebrationtv.com;1;;1;1;1;1:1
iventize.com;1;miami:1;1;1;1;1:1
capitalfm.com;1;;1;1;1;1:1
vidics.ch;1;;1;1;1;1:1
maxgo.com;1;;1;1;1;1:1
watchfrasier.org;1;;1;1;1;1:1
movienmovies.com;1;;1;1;1;1:1
hypable.com;1;;1;1;1;1:1
themazerunnermovie.com;1;;1;1;1;1:1
tpbcentral.com;1;;1;1;1;1:1
al.com;1;;1;1;1;1:1
intensecinema.com;1;;1;1;1;1:1
madnewsuk.com;1;;1;1;1;1:1
animetako.me;1;;1;1;1;1:1
ewealthnetwork.com;1;;1;1;1;1:1
watchuwant.com;1;;1;1;1;1:1
watchtheguild.com;1;;1;1;1;1:1
lifeofpimovie.com;1;journey:1;1;1;1;1:1
reviewjournal.com;1;;1;1;1;1:1
needforspeed.com;1;;1;1;1;1:1
videosift.com;1;;1;1;1;1:1
inquisitr.com;1;;1;1;1;1:1
eshoppp.com;1;;1;1;1;1:1
fullmovie2in.net;1;;1;1;1;1:1
chess.com;1;;1;1;1;1:1
bastille-day.com;1;;1;1;1;1:1
slackeruprising.com;1;;1;1;1;1:1
isansar.com;1;;1;1;1;1:1
afterellen.com;1;;1;1;1;1:1
sidora.me;1;;1;1;1;1:1
discoveryfamilychannel.com;1;daytime:1;1;1;1;1:1
nbcolympics.com;1;;1;1;1;1:1
tunerfish.com;1;;1;1;1;1:1
gutenberg.org;1;;1;1;1;1:1
similarsites.com;1;;1;1;1;1:1
focalprice.com;1;;1;1;1;1:1
openbookprod.com;1;;1;1;1;1:1
lifeinsure.com;1;;1;1;1;1:1
camptakota.com;1;;1;1;1;1:1
sacpd.org;1;;1;1;1;1:1
teen.com;1;;1;1;1;1:1
foxmovies.com;1;;1;1;1;1:1
angryasianman.com;1;blog:1;1;1;1;1:1
peliculas4hd.com;1;;1;1;1;1:1
traileraddict.com;1;;1;1;1;1:1
playshakespeare.com;1;;1;1;1;1:1
streamanime.tv;1;;1;1;1;1:1
mutantville.com;1;;1;1;1;1:1
welcometotwinpeaks.com;1;;1;1;1;1:1
rachelmcadams.org;1;;1;1;1;1:1
thelegomovie.com;1;;1;1;1;1:1
nic.in;1;eci:1;1;1;1;1:1
information-management.com;1;;1;1;1;1:1
mywatches.pk;1;;1;1;1;1:1
forkandcorkmd.biz;1;;1;1;1;1:1
romancemeetslife.com;1;;1;1;1;1:1
michigandaily.com;1;;1;1;1;1:1
ishowsonline.org;1;;1;1;1;1:1
idolator.com;1;;1;1;1;1:1
myfoxphilly.com;1;;1;1;1;1:1
yookos.com;1;;1;1;1;1:1
solar-movie.biz;1;;1;1;1;1:1
roadtripnation.com;1;;1;1;1;1:1
ebaumsworld.com;1;;1;1;1;1:1
onemorelesbian.com;1;;1;1;1;1:1
greenarrowtv.com;1;;1;1;1;1:1
page4.me;1;helloimustbegoingmovie:1;1;1;1;1:1
mapquest.com;1;;1;1;1;1:1
moviedevil.com;1;;1;1;1;1:1
theexpendablesmovie.net;1;;1;1;1;1:1
houselive.gov;1;;1;1;1;1:1
tvduck.com;1;;1;1;1;1:1
foxnews.com;1;video:1;1;1;1;1:1
zengatv.com;1;;1;1;1;1:1
crimemapping.com;1;;1;1;1;1:1
nationalgeographic.com;1;channel:1;1;1;1;1:1
popsugar.com;1;;1;1;1;1:1
prezi.com;1;;1;1;1;1:1
jennrichholz.de;1;;1;1;1;1:1
miamiconnection.org;1;;1;1;1;1:1
tvspotsfree.com;1;;1;1;1;1:1
cutv.ws;1;;1;1;1;1:1
flightaware.com;1;;1;1;1;1:1
bioware.com;1;social:1;1;1;1;1:1
7online.com;1;;1;1;1;1:1
blogspot.fr;1;ohmypetitpois:1;1;1;1;1:1
thewatchgiant.com;1;;1;1;1;1:1
tribeofheart.org;1;;1;1;1;1:1
890m.com;1;scumhoq:1;1;1;1;1:1
t-index.com;1;;1;1;1;1:1
rawfoodsupport.com;1;;1;1;1;1:1
animeultima.tv;1;;1;1;1;1:1
livepuppycam.com;1;;1;1;1;1:1
warmovieshq.com;1;;1;1;1;1:1
apniclub.com;1;;1;1;1;1:1
filmesonlinegratis.net;1;;1;1;1;1:1
ift.tt;1;;1;1;1;1:1
horridhenry.me;1;;1;1;1;1:1
beyumi.com;1;;1;1;1;1:1
metroblog.com;1;thelegendofconan:1;1;1;1;1:1
edenthefilm.com;1;;1;1;1;1:1
insidesocal.com;1;;1;1;1;1:1
boltaunsa.com;1;;1;1;1;1:1
mail-archive.com;1;;1;1;1;1:1
nationalterroralert.com;1;;1;1;1;1:1
thefile.me;1;;1;1;1;1:1
grangehill.net;1;;1;1;1;1:1
msdn.com;1;channel9:1;1;1;1;1:1
commissariomontalbano.org;1;;1;1;1;1:1
ultra-browning.com;1;;1;1;1;1:1
jomashop.com;1;;1;1;1;1:1
epixhd.com;1;;1;1;1;1:1
silencefilm.ie;1;;1;1;1;1:1
wearepowershift.org;1;;1;1;1;1:1
sdrock.com;1;;1;1;1;1:1
wcvb.com;1;livewire:1;1;1;1;1:1
emptynestonline.net;1;;1;1;1;1:1
ooommm.org;1;;1;1;1;1:1
china2america.com;1;;1;1;1;1:1
jezebel.com;1;;1;1;1;1:1
downloadkar.com;1;;1;1;1;1:1
freefullmoviedownloadfree.com;1;;1;1;1;1:1
ytv.com;1;mryoung:1;1;1;1;1:1
novelasgratis.org;1;;1;1;1;1:1
brokenkingdomfilm.com;1;;1;1;1;1:1
sbtb.net;1;;1;1;1;1:1
crimereports.com;1;;1;1;1;1:1
sonsofgodmovie.com;1;;1;1;1;1:1
jckonline.com;1;;1;1;1;1:1
mashable.com;1;;1;1;1;1:1
academicearth.org;1;;1;1;1;1:1
wunderground.com;1;;1;1;1;1:1
telemundo.com;1;msnlatino:1;1;1;1;1:1
wimbledon.com;1;;1;1;1;1:1
com.co;1;teckler:1;1;1;1;1:1
nhptv.org;1;video:1;1;1;1;1:1
guchill.com;1;tv:1;1;1;1;1:1
incorporate.com;1;;1;1;1;1:1
watchdub.com;1;;1;1;1;1:1
flixmaniac.com;1;;1;1;1;1:1
jimsturgessonline.com;1;;1;1;1;1:1
epa.gov;1;echo:1;1;1;1;1:1
pulmadeks.ee;1;;1;1;1;1:1
onechancemovie.net;1;;1;1;1;1:1
nightmareonelmstreetfilms.com;1;;1;1;1;1:1
expendablespremiere.com;1;;1;1;1;1:1
cornell.edu;1;commencement:1;1;1;1;1:1
hollandsentinel.com;1;;1;1;1;1:1
wagital.com;1;;1;1;1;1:1
diygenius.com;1;;1;1;1;1:1
greennewsnetwork.org;1;;1;1;1;1:1
ibtimes.com;1;;1;1;1;1:1
iambreathing.com;1;;1;1;1;1:1
zitegfx.com;1;boomboompow:1;1;1;1;1:1
themovieblog.com;1;;1;1;1;1:1
seinfeld-episodes.com;1;;1;1;1;1:1
untamedscience.com;1;;1;1;1;1:1
joblo.com;1;;1;1;1;1:1
sexedtheseries.com;1;;1;1;1;1:1
merriam-webster.com;1;;1;1;1;1:1
saltypeaks.com;1;;1;1;1;1:1
vingle.net;1;;1;1;1;1:1
hdcinesmart.net;1;;1;1;1;1:1
mastimovies.co;1;;1;1;1;1:1
gosugamers.net;1;;1;1;1;1:1
watchnet.com;1;;1;1;1;1:1
harpercollins.com;1;;1;1;1;1:1
theimitationgamemovie.com;1;;1;1;1;1:1
vanityfair.com;1;;1;1;1;1:1
bettercallsaul.com;1;;1;1;1;1:1
onepiece.tv;1;;1;1;1;1:1
best--erotica.com;1;;1;1;1;1:1
yolasite.com;1;watchintheirskin2012moviestream:1;1;1;1;1:1
seminalcinemaoutfit.com;1;;1;1;1;1:1
chicagoreader.com;1;;1;1;1;1:1
hotukdeals.com;1;;1;1;1;1:1
vodlocker.org;1;;1;1;1;1:1
unctv.org;1;video:1;1;1;1;1:1
streaming-illimite.com;1;;1;1;1;1:1
justjaredjr.com;1;;1;1;1;1:1
drakulastream.eu;1;;1;1;1;1:1
ebay.com;1;;1;1;1;1:1
filmking.com;1;;1;1;1;1:1
watchmovie-online.net;1;;1;1;1;1:1
everyblock.com;1;chicago:1;1;1;1;1:1
myproana.com;1;;1;1;1;1:1
eb-music.net;1;;1;1;1;1:1
bayhillcruisesandtravel.com;1;;1;1;1;1:1
ddesi.com;1;movies:1;1;1;1;1:1
justjared.com;1;;1;1;1;1:1
klembo.com;1;;1;1;1;1:1
glu.com;1;ggnbb:1;1;1;1;1:1
pakihungama.org;1;;1;1;1;1:1
dubbedepisodes.tv;1;;1;1;1;1:1
tomdicillo.com;1;;1;1;1;1:1
stoneyroads.com;1;;1;1;1;1:1
killertomatoes.com;1;;1;1;1;1:1
watchindianmovie.com;1;;1;1;1;1:1
watchprisonercellblockh.com;1;;1;1;1;1:1
mgo.com;1;;1;1;1;1:1
wildcatbluenation.com;1;;1;1;1;1:1
detectiveconanworld.com;1;;1;1;1;1:1
ethanwiner.com;1;;1;1;1;1:1
webmaster-network.com;1;;1;1;1;1:1
enterpriseosx.com;1;;1;1;1;1:1
bingobezzy.com;1;;1;1;1;1:1
trulydisturbing.com;1;;1;1;1;1:1
unblocked2.bz;1;primewire:1;1;1;1;1:1
belesfilm.com;1;;1;1;1;1:1
animefever.org;1;;1;1;1;1:1
captainplanetfoundation.org;1;;1;1;1;1:1
lego.com;1;;1;1;1;1:1
geekynews.com;1;;1;1;1;1:1
worldchannel.org;1;;1;1;1;1:1
r2games.com;1;forum:1;1;1;1;1:1
muenstermaifeld.de;1;;1;1;1;1:1
e-reading.me;1;;1;1;1;1:1
adnewsonline.com;1;;1;1;1;1:1
spotcrime.com;1;;1;1;1;1:1
astroboy-online.com;1;;1;1;1;1:1
searchputlockermovies.com;1;;1;1;1;1:1
screwtheninetofive.com;1;;1;1;1;1:1
darkiller.com;1;;1;1;1;1:1
browardcrimestoppers.org;1;;1;1;1;1:1
mfz-team.eu;1;;1;1;1;1:1
wpbt2.org;1;video:1;1;1;1;1:1
themessageonline.org;1;;1;1;1;1:1
ideastream.org;1;video:1;1;1;1;1:1
abbeyroad.com;1;;1;1;1;1:1
watchfilmsonlinefree.com;1;;1;1;1;1:1
mangaspores.com;1;listmoviesebis:1;1;1;1;1:1
wftv.com;1;;1;1;1;1:1
frontierqueue.gi;1;;1;1;1;1:1
tvrulez.net;1;;1;1;1;1:1
watchbobsburgersonline.com;1;;1;1;1;1:1
videoofbirth.com;1;;1;1;1;1:1
tamilgun.com;1;;1;1;1;1:1
btvguide.net;1;;1;1;1;1:1
nycastings.com;1;;1;1;1;1:1
madeinamericafest.com;1;a:1;1;1;1;1:1
solar-movies.biz;1;;1;1;1;1:1
policeone.com;1;;1;1;1;1:1
maryferrell.org;1;;1;1;1;1:1
aircus.com;1;tatapecmovieslist:1;1;1;1;1:1
dannyandmindy.net;1;;1;1;1;1:1
episodes-tv.com;1;;1;1;1;1:1
walkingshapes.com;1;;1;1;1;1:1
maggie-q.us;1;;1;1;1;1:1
myntra.com;1;;1;1;1;1:1
racerxonline.com;1;;1;1;1;1:1
cntv.cn;1;english:1;1;1;1;1:1
moviesovie.in;1;;1;1;1;1:1
allmyanime.net;1;;1;1;1;1:1
outdoorgearlab.com;1;;1;1;1;1:1
d-movie3.biz;1;;1;1;1;1:1
insweb.com;1;;1;1;1;1:1
beccafitzpatrick.com;1;;1;1;1;1:1
zerodollarmovies.com;1;;1;1;1;1:1
watchinhd.net;1;;1;1;1;1:1
tv4web.net;1;;1;1;1;1:1
sheilaless.com;1;;1;1;1;1:1
vermetastasisonline.com;1;;1;1;1;1:1
followingthenerd.com;1;;1;1;1;1:1
redskins.com;1;;1;1;1;1:1
fairytailclub.com;1;;1;1;1;1:1
bcdb.com;1;;1;1;1;1:1
station.pk;1;;1;1;1;1:1
monarchwatch.org;1;;1;1;1;1:1
salesforce.com;1;;1;1;1;1:1
weeatfilms.com;1;;1;1;1;1:1
bloody-disgusting.com;1;;1;1;1;1:1
free-moviez.biz;1;;1;1;1;1:1
watchwrestling.in;1;;1;1;1;1:1
curasoles.com;1;;1;1;1;1:1
missinfo.tv;1;;1;1;1;1:1
collegesportslive.com;1;;1;1;1;1:1
desimovies4u.net;1;;1;1;1;1:1
saiyanplanet.com;1;;1;1;1;1:1
verlouieonline.com;1;;1;1;1;1:1
maoritelevision.com;1;;1;1;1;1:1
online24movies.com;1;;1;1;1;1:1
timesdispatch.com;1;;1;1;1;1:1
edge-online.com;1;;1;1;1;1:1
animela.com;1;;1;1;1;1:1
larryclark.com;1;;1;1;1;1:1
onlinemoviesx.com;1;;1;1;1;1:1
movlocker.com;1;;1;1;1;1:1
megavista-health.com;1;;1;1;1;1:1
pelis24.com;1;;1;1;1;1:1
myfoxorlando.com;1;;1;1;1;1:1
consequenceofsound.net;1;;1;1;1;1:1
dominos.com;1;order:1;1;1;1;1:1
likes.com;1;loganx:1;1;1;1;1:1
cosmicbooknews.com;1;movies:1;1;1;1;1:1
univision.com;1;novelasyseries:1;1;1;1;1:1
bestlibraryspot.net;1;;1;1;1;1:1
puthupadam.com;1;;1;1;1;1:1
moviesfilms.net;1;;1;1;1;1:1
patch.com;1;;1;1;1;1:1
disclose.tv;1;;1;1;1;1:1
thirteenreasonswhy.com;1;;1;1;1;1:1
tu.tv;1;;1;1;1;1:1
dotsub.com;1;;1;1;1;1:1
buzzfeed.com;1;;1;1;1;1:1
tvtango.com;1;;1;1;1;1:1
hostelbookers.com;1;blog:1;1;1;1;1:1
nordestslo.eu;1;;1;1;1;1:1
joe-manganiello.org;1;;1;1;1;1:1
themarysue.com;1;;1;1;1;1:1
moviehang.com;1;;1;1;1;1:1
filmstriben.dk;1;;1;1;1;1:1
sumrando.com;1;;1;1;1;1:1
greek-movies.com;1;;1;1;1;1:1
tvone.tv;1;;1;1;1;1:1
aullidos.com;1;;1;1;1;1:1
shinola.com;1;;1;1;1;1:1
earlyword.com;1;;1;1;1;1:1
videoixir.net;1;;1;1;1;1:1
comicbookmovie.com;1;;1;1;1;1:1
btvsonline.com;1;;1;1;1;1:1
apne.tv;1;;1;1;1;1:1
free4online.com;1;;1;1;1;1:1
supermanhomepage.com;1;;1;1;1;1:1
omnitv.ca;1;;1;1;1;1:1
csmonitor.com;1;;1;1;1;1:1
m-mcconaughey.net;1;;1;1;1;1:1
shopclues.com;1;;1;1;1;1:1
watchwigs.com;1;;1;1;1;1:1
spoilertv.com;1;;1;1;1;1:1
emma-stone.org;1;;1;1;1;1:1
getamoviehere.com;1;;1;1;1;1:1
cinemamontreal.com;1;;1;1;1;1:1
tatts.com;1;;1;1;1;1:1
deeperblue.com;1;forums:1;1;1;1;1:1
animeseal.com;1;;1;1;1;1:1
breathecast.com;1;;1;1;1;1:1
msnewsnow.com;1;;1;1;1;1:1
princessmovies.net;1;;1;1;1;1:1
iwatchpanam.com;1;;1;1;1;1:1
moviehd.org;1;;1;1;1;1:1
onlinevideocontests.com;1;;1;1;1;1:1
filmifullizler.com;1;;1;1;1;1:1
uknews24.net;1;;1;1;1;1:1
sunglasssnation.com;1;;1;1;1;1:1
westernsontheweb.com;1;;1;1;1;1:1
moviesb.com;1;;1;1;1;1:1
gameshs.com;1;;1;1;1;1:1
siliconindia.com;1;blogs:1;1;1;1;1:1
7daysinhavana.com;1;;1;1;1;1:1
eater.com;1;;1;1;1;1:1
theidenticalmovie.com;1;;1;1;1;1:1
vibramfivefingers.com;1;;1;1;1;1:1
maxsteel.com;1;;1;1;1;1:1
hughdcrawford.net;1;;1;1;1;1:1
tvhq.info;1;;1;1;1;1:1
geekplanetonline.com;1;;1;1;1;1:1
thiruttuvcd.biz;1;;1;1;1;1:1
portaportal.com;1;guest:1;1;1;1;1:1
dreadcentral.com;1;;1;1;1;1:1
gogoanime.com;1;;1;1;1;1:1
daisuki.net;1;;1;1;1;1:1
download-full-movies.info;1;;1;1;1;1:1
bleedinggreennation.com;1;;1;1;1;1:1
unsitoacaso.com;1;;1;1;1;1:1
animewaffles.tv;1;;1;1;1;1:1
wbgu.org;1;video:1;1;1;1;1:1
extension765.com;1;;1;1;1;1:1
cityoforlando.net;1;;1;1;1;1:1
youngmoneyhq.com;1;;1;1;1;1:1
sunantech.com;1;;1;1;1;1:1
xtc.la;1;;1;1;1;1:1
mono.net;1;watchsafetynotguarnteed:1;1;1;1;1:1
streamay.com;1;;1;1;1;1:1
jayandsilentbobstrikeback.com;1;;1;1;1;1:1
debrecenplus.hu;1;;1;1;1;1:1
pinoymovie.to;1;;1;1;1;1:1
lifeok.com;1;;1;1;1;1:1
tvmazza.com;1;;1;1;1;1:1
fashionandyou.com;1;;1;1;1;1:1
emol.org;1;;1;1;1;1:1
frenchtoday.com;1;;1;1;1;1:1
hosku.com;1;marvelmovie:1;1;1;1;1:1
fattoriacagranda.it;1;;1;1;1;1:1
alsolikelife.com;1;;1;1;1;1:1
destination3.com;1;;1;1;1;1:1
soulhead.com;1;;1;1;1;1:1
ibm.com;1;;1;1;1;1:1
startrekphase2.de;1;;1;1;1;1:1
moviesonline7.co;1;;1;1;1;1:1
thechristmascandlemovie.com;1;;1;1;1;1:1
missliterati.com;1;;1;1;1;1:1
onlinestreammovie.com;1;watchhdonline1:1;1;1;1;1:1
herocartoon.com;1;;1;1;1;1:1
panatv.com;1;;1;1;1;1:1
vilepervert.com;1;;1;1;1;1:1
jcvd-online.com;1;;1;1;1;1:1
moviestreaming1.com;1;;1;1;1;1:1
blueruinmovie.com;1;;1;1;1;1:1
loc.gov;1;memory:1;1;1;1;1:1
firedrive.com;1;;1;1;1;1:1
oklahomawatch.org;1;;1;1;1;1:1
here.com;1;;1;1;1;1:1
trionworlds.com;1;;1;1;1;1:1
beamafilm.com;1;;1;1;1;1:1
woodbineentertainment.com;1;;1;1;1;1:1
zliving.com;1;go:1;1;1;1;1:1
metvnetwork.com;1;;1;1;1;1:1
hindilinks4u.biz;1;;1;1;1;1:1
web-us.com;1;;1;1;1;1:1
hdfilmizlesek.org;1;;1;1;1;1:1
free-movies.tv;1;;1;1;1;1:1
bigmovie.me;1;;1;1;1;1:1
tanz-centrum-coesfeld.de;1;;1;1;1;1:1
wipfilms.net;1;;1;1;1;1:1
abcdefilm.com;1;;1;1;1;1:1
flickfilosopher.com;1;;1;1;1;1:1
foxsports.com;1;;1;1;1;1:1
thebacklot.com;1;;1;1;1;1:1
venuswatches.ch;1;eshop:1;1;1;1;1:1
bustle.com;1;;1;1;1;1:1
amardeshprotidin.com;1;;1;1;1;1:1
gulgali.com;1;;1;1;1;1:1
aloneyetnotalone.com;1;;1;1;1;1:1
verseriesynovelas.com;1;;1;1;1;1:1
tuliptime.com;1;;1;1;1;1:1
bharatmovies.com;1;;1;1;1;1:1
shopcasio.com;1;;1;1;1;1:1
hybridmu.com;1;;1;1;1;1:1
myanmarevents.com;1;;1;1;1;1:1
livetv99.com;1;;1;1;1;1:1
videodetective.com;1;;1;1;1;1:1
watchkungfu.com;1;;1;1;1;1:1
usatoday.com;1;;1;1;1;1:1
theseventhart.org;1;;1;1;1;1:1
dadt.com;1;livekellyandmichael:1;1;1;1;1:1
theblondeatthefilm.com;1;;1;1;1;1:1
watchthetitles.com;1;;1;1;1;1:1
zyzzyxrdthemovie.com;1;;1;1;1;1:1
imastisansar.co;1;;1;1;1;1:1
tvjaa.com;1;;1;1;1;1:1
london24.com;1;;1;1;1;1:1
newmovienight.com;1;;1;1;1;1:1
leagueoflegendsstreams.com;1;;1;1;1;1:1
superiorpics.com;1;forums:1;1;1;1;1:1
eventful.com;1;movies:1;1;1;1;1:1
vintez.com;1;social:1;1;1;1;1:1
nhl.com;1;video.hurricanes:1;1;1;1;1:1
xtreampoker.com;1;;1;1;1;1:1
mischa-b.com;1;;1;1;1;1:1
ideastations.org;1;video:1;1;1;1;1:1
suntilt.com;1;;1;1;1;1:1
tribeathletics.com;1;;1;1;1;1:1
merdb.ru;1;;1;1;1;1:1
cornergasthemovie.com;1;;1;1;1;1:1
betting-directory.com;1;racing:1;1;1;1;1:1
worldofwatches.com;1;;1;1;1;1:1
smartwiki.org;1;;1;1;1;1:1
petnutristore.it;1;;1;1;1;1:1
suntimes.com;1;splash:1;1;1;1;1:1
nbcnewyork.com;1;;1;1;1;1:1
tmz.com;1;;1;1;1;1:1
ncaa.com;1;;1;1;1;1:1
cricfree.tv;1;;1;1;1;1:1
klix.ba;1;;1;1;1;1:1
qi.com;1;;1;1;1;1:1
heritagemontgomery.org;1;;1;1;1;1:1
gofreemoviesonline.com;1;;1;1;1;1:1
twcsportsnet.com;1;;1;1;1;1:1
tomhiddlestononline.net;1;;1;1;1;1:1
cpt12.org;1;video:1;1;1;1;1:1
europefortourism.com;1;;1;1;1;1:1
bravofact.com;1;;1;1;1;1:1
musicboxfilms.com;1;;1;1;1;1:1
dardarkom.com;1;;1;1;1;1:1
getmiro.com;1;blog:1;1;1;1;1:1
goldrush-alaska.com;1;;1;1;1;1:1
newenglandcraftfairs.biz;1;;1;1;1;1:1
churchonline.org;1;victorytulsa:1;1;1;1;1:1
startrekaxanar.com;1;;1;1;1;1:1
warnerbros.com;1;;1;1;1;1:1
watchlegit.com;1;;1;1;1;1:1
thewoodlandsumc.org;1;watch:1;1;1;1;1:1
seventeen.com;1;;1;1;1;1:1
virginiageneralassembly.gov;1;;1;1;1;1:1
oakville.ca;1;;1;1;1;1:1
radiustwc.com;1;;1;1;1;1:1
stoptazmo.com;1;;1;1;1;1:1
wheeloffortune.com;1;;1;1;1;1:1
deathandtaxesmag.com;1;;1;1;1;1:1
moviecity.us;1;;1;1;1;1:1
npr.org;1;;1;1;1;1:1
peontv.com;1;;1;1;1;1:1
thestranger.com;1;;1;1;1;1:1
iceagemovies.com;1;;1;1;1;1:1
comsomanet.com;1;advertising:1;1;1;1;1:1
livestation.com;1;;1;1;1;1:1
securityinfowatch.com;1;;1;1;1;1:1
raptureforums.com;1;;1;1;1;1:1
afr.com;1;;1;1;1;1:1
immovisions.lu;1;;1;1;1;1:1
cartoonnetworkindia.com;1;;1;1;1;1:1
hdmovielinks.net;1;;1;1;1;1:1
smotriufilm.ru;1;;1;1;1;1:1
eastafricantube.com;1;;1;1;1;1:1
iwatchdefyinggravity.com;1;;1;1;1;1:1
bookmyshow.com;1;in:1;1;1;1;1:1
eroticage.net;1;;1;1;1;1:1
cinemovmax.com;1;;1;1;1;1:1
tokyoflash.com;1;;1;1;1;1:1
filmepro.ro;1;;1;1;1;1:1
astronomerswithoutborders.org;1;;1;1;1;1:1
kidzworld.com;1;;1;1;1;1:1
natalieportman.com;1;;1;1;1;1:1
martbuddy.com;1;blackfridaycoupons2014:1;1;1;1;1:1
fullmovieson.net;1;;1;1;1;1:1
theknot.com;1;;1;1;1;1:1
site11.com;1;mp4movies:1;1;1;1;1:1
wrestling-online.com;1;;1;1;1;1:1
safeskyhacks.com;1;;1;1;1;1:1
bigpolis.com;1;;1;1;1;1:1
com-ver.tv;1;series:1;1;1;1;1:1
citylodge.org;1;;1;1;1;1:1
messi2day.com;1;;1;1;1;1:1
edimovie.info;1;;1;1;1;1:1
animeors.com;1;;1;1;1;1:1
reapertvshow.com;1;;1;1;1;1:1
snohomishcountywa.gov;1;;1;1;1;1:1
parisperfect.com;1;;1;1;1;1:1
k-films.net;1;;1;1;1;1:1
hdmoviesland.com;1;;1;1;1;1:1
drupalladder.org;1;;1;1;1;1:1
northpointonline.tv;1;;1;1;1;1:1
azeemsheikh.com;1;;1;1;1;1:1
pivot.tv;1;;1;1;1;1:1
wvpt.net;1;video:1;1;1;1;1:1
movshare.net;1;;1;1;1;1:1
lasalle.edu;1;;1;1;1;1:1
rainbowdvds.com;1;;1;1;1;1:1
filmibeat.com;1;videos:1;1;1;1;1:1
metacritic.com;1;;1;1;1;1:1
divisionmedicaeditorial.com;1;;1;1;1;1:1
fangoria.com;1;;1;1;1;1:1
wavechurch.com;1;;1;1;1;1:1
whoselineonline.org;1;;1;1;1;1:1
denofgeek.com;1;;1;1;1;1:1
ndla.no;1;deling:1;1;1;1;1:1
sk-gaming.com;1;;1;1;1;1:1
pelispedia.tv;1;;1;1;1;1:1
oldvictheatre.com;1;;1;1;1;1:1
victoriajusticedaily.com;1;;1;1;1;1:1
pgatour.com;1;;1;1;1;1:1
linktv.org;1;;1;1;1;1:1
lstudio.com;1;;1;1;1;1:1
spicesmartphones.com;1;;1;1;1;1:1
spacemilkshake.com;1;;1;1;1;1:1
dragonballzstream.com;1;;1;1;1;1:1
lakewoodchurch.com;1;;1;1;1;1:1
rai.it;1;montalbano:1;1;1;1;1:1
comediansincarsgettingcoffee.com;1;;1;1;1;1:1
inyoureyesmovie.com;1;;1;1;1;1:1
netlog.com;1;en:1;1;1;1;1:1
gawker.com;1;;1;1;1;1:1
carriefradkinfineart.com;1;;1;1;1;1:1
pbssocal.org;1;video:1;1;1;1;1:1
iwatchhannahmontana.com;1;;1;1;1;1:1
fullmovieschannel.com;1;;1;1;1;1:1
gogriz.com;1;;1;1;1;1:1
thefrenchconfection.net;1;;1;1;1;1:1
beachdig.com;1;;1;1;1;1:1
movie70.com;1;;1;1;1;1:1
fullnewmovie.com;1;;1;1;1;1:1
iiba.org;1;geneva:1;1;1;1;1:1
ifeelmovies.com;1;;1;1;1;1:1
babygaga.com;1;;1;1;1;1:1
bow-hunters.de;1;;1;1;1;1:1
comule.com;1;moviekings:1;1;1;1;1:1
nasa.gov;1;mars.jpl:1;1;1;1;1:1
webtvwire.com;1;;1;1;1;1:1
powershow.com;1;;1;1;1;1:1
boards.net;1;moviefull:1;1;1;1;1:1
kotaku.com;1;;1;1;1;1:1
sheldrake.org;1;;1;1;1;1:1
topgearspecials.com;1;;1;1;1;1:1
transformersmovie.com;1;;1;1;1;1:1
eliademy.com;1;;1;1;1;1:1
identityonline.biz;1;;1;1;1;1:1
sleepwalkmovie.com;1;watch:1;1;1;1;1:1
madsonline.net;1;;1;1;1;1:1
cuw.edu;1;;1;1;1;1:1
ver-novelas-online.com;1;;1;1;1;1:1
animefreak.tv;1;;1;1;1;1:1
cops.com;1;;1;1;1;1:1
livetvchannelsfree.com;1;;1;1;1;1:1
tolcity.ru;1;;1;1;1;1:1
ifgo.net;1;;1;1;1;1:1
purevolume.com;1;;1;1;1;1:1
myvideo.az;1;;1;1;1;1:1
watchseriesus.tv;1;;1;1;1;1:1
pixels-of-life.com;1;;1;1;1;1:1
altpress.com;1;;1;1;1;1:1
helenair.com;1;;1;1;1;1:1
turtleconservationfund.org;1;;1;1;1;1:1
nuvera.com;1;;1;1;1;1:1
jatifilm.com;1;;1;1;1;1:1
hotmoviesonline.org;1;;1;1;1;1:1
mylifetimetv.ca;1;;1;1;1;1:1
cyclingfans.com;1;;1;1;1;1:1
publiceye.org;1;;1;1;1;1:1
illinois.edu;1;video.will:1;1;1;1;1:1
chargers.com;1;;1;1;1;1:1
org.br;1;vozesdaeducacao:1;1;1;1;1:1
tunein.com;1;;1;1;1;1:1
proxyvideo.net;1;;1;1;1;1:1
rickygervais.com;1;;1;1;1;1:1
losmovies.com;1;;1;1;1;1:1
bestbuy.com;1;;1;1;1;1:1
cincinnati.com;1;;1;1;1;1:1
sheknows.com;1;soaps:1;1;1;1;1:1
networkawesome.com;1;;1;1;1;1:1
freenewspos.com;1;;1;1;1;1:1
engadget.com;1;;1;1;1;1:1
frontrowsports.me;1;;1;1;1;1:1
ndtv.com;1;gadgets:1;1;1;1;1:1
familywatchdog.us;1;;1;1;1;1:1
idownloadblog.com;1;;1;1;1;1:1
moviefry.com;1;;1;1;1;1:1
giantfreakinrobot.com;1;;1;1;1;1:1
on.ca;1;harmony.hpedsb:1;1;1;1;1:1
citynews.ca;1;;1;1;1;1:1
divxstage.to;1;;1;1;1;1:1
michiganlottery.com;1;;1;1;1;1:1
fisher-price.com;1;;1;1;1;1:1
org.au;1;greens:1;1;1;1;1:1
thefeastpicc.com;1;;1;1;1;1:1
disney.de;1;video:1;1;1;1;1:1
org.ar;1;ambienteforestalnoa:1;1;1;1;1:1
peewee.com;1;;1;1;1;1:1
hdmovietime.com;1;;1;1;1;1:1
myfoxhurricane.com;1;;1;1;1;1:1
myworldwebcams.com;1;;1;1;1;1:1
escapefiremovie.com;1;;1;1;1;1:1
myvideo.de;1;;1;1;1;1:1
yekra.com;1;;1;1;1;1:1
businesslookup.org;1;;1;1;1;1:1
blogtopsites.com;1;;1;1;1;1:1
wikihow.com;1;;1;1;1;1:1
myrtlebeachonline.com;1;;1;1;1;1:1
santabarbara-online.com;1;;1;1;1;1:1
rai.tv;1;;1;1;1;1:1
ninequeens.com;1;;1;1;1;1:1
p-i-t-t.com;1;;1;1;1;1:1
videograbber.net;1;m:1;1;1;1;1:1
topcomedymovies.us;1;;1;1;1;1:1
trueskool.com;1;;1;1;1;1:1
myanimelist.net;1;;1;1;1;1:1
altitude.tv;1;;1;1;1;1:1
hinditvrulez.net;1;;1;1;1;1:1
onlinefreelinks.com;1;;1;1;1;1:1
nzonscreen.com;1;;1;1;1;1:1
playwebgame.com;1;forum:1;1;1;1;1:1
velocity.com;1;;1;1;1;1:1
flaglerbeach.me;1;;1;1;1;1:1
pev.pl;1;ozewewet:1;1;1;1;1:1
xsharethis.com;1;;1;1;1;1:1
sesamestreet.org;1;;1;1;1;1:1
geeksofdoom.com;1;;1;1;1;1:1
britishnephilim.com;1;;1;1;1;1:1
filmmakermagazine.com;1;;1;1;1;1:1
megashare.sh;1;;1;1;1;1:1
gospelherald.com;1;;1;1;1;1:1
showyou.com;1;;1;1;1;1:1
perezhilton.com;1;;1;1;1;1:1
mafia2.fr;1;forum:1;1;1;1;1:1
pbworks.com;1;radscalmtabti:1;1;1;1;1:1
cbstvd.com;1;;1;1;1;1:1
moneysavingexpert.com;1;forums:1;1;1;1;1:1
anime-sub.com;1;;1;1;1;1:1
onlinefilmkeyfi.net;1;;1;1;1;1:1
techhive.com;1;;1;1;1;1:1
9news.com;1;;1;1;1;1:1
cinemovies4u.com;1;;1;1;1;1:1
yasni.com;1;;1;1;1;1:1
uptv.com;1;;1;1;1;1:1
strikklyhiphop.com;1;;1;1;1;1:1
melodycarlson.com;1;;1;1;1;1:1
diplomatie-online.net;1;;1;1;1;1:1
munkyourself.com;1;;1;1;1;1:1
simonandschuster.com;1;videos:1;1;1;1;1:1
infibeam.com;1;;1;1;1;1:1
living-movies.com;1;;1;1;1;1:1
shaunthesheep.com;1;;1;1;1;1:1
tellwut.com;1;;1;1;1;1:1
eivomovie.com;1;;1;1;1;1:1
matthewgraygublerfans.org;1;;1;1;1;1:1
watchaholic.pk;1;;1;1;1;1:1
myworldevents.com;1;;1;1;1;1:1
vietfun.com;1;community:1;1;1;1;1:1
songs247.in;1;;1;1;1;1:1
cyclopaedia.de;1;;1;1;1;1:1
boingboing.net;1;;1;1;1;1:1
seriespepito.com;1;rebelde:1;1;1;1;1:1
wptschedule.org;1;;1;1;1;1:1
watchwaterlooroad.com;1;;1;1;1;1:1
cartoonbrew.com;1;;1;1;1;1:1
jewishjournal.com;1;;1;1;1;1:1
going-global-edu.in;1;;1;1;1;1:1
royalwatches.pk;1;;1;1;1;1:1
blakes7online.com;1;;1;1;1;1:1
publicradio.org;1;prairiehome:1;1;1;1;1:1
createandcraft.tv;1;;1;1;1;1:1
mondaine.com;1;;1;1;1;1:1
ebook2u.org;1;;1;1;1;1:1
mlfree.com;1;;1;1;1;1:1
watchfreemovies.ch;1;;1;1;1;1:1
globalincidentmap.com;1;quakes:1;1;1;1;1:1
stv.tv;1;player:1;1;1;1;1:1
egitimsanat.com;1;;1;1;1;1:1
theatlantic.com;1;;1;1;1;1:1
daraz.pk;1;;1;1;1;1:1
seriesnow.com;1;;1;1;1;1:1
thunderclap.it;1;;1;1;1;1:1
itbn.org;1;;1;1;1;1:1
southlandonline.tv;1;;1;1;1;1:1
mydltube.com;1;;1;1;1;1:1
mormontabernaclechoir.org;1;;1;1;1;1:1
oflbotosani.ro;1;forum-pnl:1;1;1;1;1:1
viooz.li;1;;1;1;1;1:1
distrify.com;1;;1;1;1;1:1
1001freemovies.com;1;;1;1;1;1:1
cnet.com;1;;1;1;1;1:1
circsource.com;1;;1;1;1;1:1
gmanetwork.com;1;;1;1;1;1:1
londontraffic.org;1;;1;1;1;1:1
1tvlive.in;1;;1;1;1;1:1
firstshowing.net;1;;1;1;1;1:1
whudat.de;1;;1;1;1;1:1
movienewz.com;1;;1;1;1;1:1
flightradar24.com;1;;1;1;1;1:1
wisconsinrapidstribune.com;1;;1;1;1;1:1
fancystreems.com;1;;1;1;1;1:1
unhwildcats.tv;1;;1;1;1;1:1
cyclopaedia.es;1;;1;1;1;1:1
tommy.com;1;eu:1;1;1;1;1:1
onlinemoviesfreee.com;1;;1;1;1;1:1
victory.com;1;;1;1;1;1:1
holland.org;1;;1;1;1;1:1
tvweb.com;1;;1;1;1;1:1
c-span.org;1;;1;1;1;1:1
carbontv.com;1;;1;1;1;1:1
bgr.com;1;;1;1;1;1:1
creationwatches.com;1;;1;1;1;1:1
hdon.org;1;;1;1;1;1:1
comuni.it;1;;1;1;1;1:1
pedestrian.tv;1;;1;1;1;1:1
wwitv.com;1;;1;1;1;1:1
moviehdpool.com;1;;1;1;1;1:1
flightview.com;1;;1;1;1;1:1
wilwheaton.net;1;;1;1;1;1:1
sundancenow.com;1;;1;1;1;1:1
ahctv.com;1;;1;1;1;1:1
wrestlingup.info;1;;1;1;1;1:1
superluigibros.com;1;;1;1;1;1:1
sugoideas.com;1;;1;1;1;1:1
geocities.ws;1;;1;1;1;1:1
wkyt.com;1;;1;1;1;1:1
dronezone.club;1;;1;1;1;1:1
amfam.com;1;;1;1;1;1:1
suchgoodpeoplemovie.com;1;;1;1;1;1:1
americangirl.com;1;;1;1;1;1:1
ursforever.com;1;;1;1;1;1:1
gay.net;1;;1;1;1;1:1
newpittsburghcourieronline.com;1;;1;1;1;1:1
televisionjamaica.com;1;;1;1;1;1:1
selfgrowth.com;1;;1;1;1;1:1
freepres.org;1;;1;1;1;1:1
yaske.to;1;;1;1;1;1:1
lincolnlibraries.org;1;;1;1;1;1:1
putlocker2k.me;1;;1;1;1;1:1
teletoonplus.fr;1;;1;1;1;1:1
gaana4u.com;1;;1;1;1;1:1
movie4u.tv;1;;1;1;1;1:1
documentary24.com;1;;1;1;1;1:1
celebration.org;1;online:1;1;1;1;1:1
nicholassparks.com;1;;1;1;1;1:1
3rbcafe.net;1;;1;1;1;1:1
jaarmix.nl;1;;1;1;1;1:1
raptorsrepublic.com;1;;1;1;1;1:1
thoughtmaybe.com;1;;1;1;1;1:1
naruget.com;1;;1;1;1;1:1
about.me;1;;1;1;1;1:1
watchhindimoviesforfree.com;1;;1;1;1;1:1
moviestreams.info;1;;1;1;1;1:1
frontier.com;1;;1;1;1;1:1
documentarytube.com;1;;1;1;1;1:1
bringthesting.com;1;;1;1;1;1:1
cq.com;1;;1;1;1;1:1
heraldonline.com;1;;1;1;1;1:1
tzolak.com;1;;1;1;1;1:1
watchhindimovies.net;1;;1;1;1;1:1
crimestoppers-uk.org;1;;1;1;1;1:1
thelondonfilmreview.com;1;;1;1;1;1:1
timesnow.tv;1;;1;1;1;1:1
saddleclubtv.com;1;;1;1;1;1:1
mastertoons.com;1;;1;1;1;1:1
wapt.com;1;;1;1;1;1:1
tarabooks.com;1;;1;1;1;1:1
flasharc.com;1;;1;1;1;1:1
trektoday.com;1;;1;1;1;1:1
netnebraska.org;1;video:1;1;1;1;1:1
mapishi.net;1;;1;1;1;1:1
westernreservepublicmedia.org;1;;1;1;1;1:1
freeheld.com;1;;1;1;1;1:1
boxofficemojo.com;1;;1;1;1;1:1
filmbasen.se;1;;1;1;1;1:1
craveonlinemedia.com;1;;1;1;1;1:1
warhistoryonline.com;1;;1;1;1;1:1
4shared.com;1;;1;1;1;1:1
foyleswar.com;1;;1;1;1;1:1
sosac.ph;1;movies:1;1;1;1;1:1
christiantoday.com;1;;1;1;1;1:1
ellenpage.org;1;;1;1;1;1:1
ebiblemovies.com;1;;1;1;1;1:1
jamesherriot.org;1;;1;1;1;1:1
queerty.com;1;;1;1;1;1:1
hurricanetrack.com;1;;1;1;1;1:1
toonjet.com;1;;1;1;1;1:1
letmewatchthis.pw;1;;1;1;1;1:1
judgejudy.com;1;;1;1;1;1:1
atresplayer.com;1;;1;1;1;1:1
2me.jp;1;;1;1;1;1:1
thelastdragontribute.com;1;;1;1;1;1:1
charmcityyoga.com;1;;1;1;1;1:1
moviecinema.gr;1;;1;1;1;1:1
weather.com;1;;1;1;1;1:1
